0,1,2
-0.73,8.91,-13.71
-0.49,8.86,-13.63
-0.25,8.92,-13.71
-0.01,8.79,-13.52
0.23,8.89,-13.67
-4.05,11.1,-11.83
-37.16,107.7,-114.08
-16.0,49.14,-51.75
-16.69,54.48,-57.06
-9.23,32.1,-33.45
-29.56,110.02,-114.08
-35.14,140.53,-145.05
-35.11,151.6,-155.83
-31.16,146.1,-149.59
-25.8,132.25,-134.93
-26.04,147.1,-149.59
-22.76,143.06,-145.05
-18.65,132.04,-133.53
-17.22,139.38,-140.64
-14.78,139.66,-140.64
-12.22,138.46,-139.19
-10.11,143.01,-143.57
-8.1,152.26,-152.68
-5.38,150.83,-151.13
-2.81,154.01,-154.25
-0.11,140.44,-140.64
1.47,88.08,-88.21
5.09,149.3,-149.59
3.98,77.23,-77.43
10.73,155.25,-155.83
9.73,112.3,-112.88
16.13,154.78,-155.83
17.53,143.79,-145.05
20.66,147.95,-149.59
23.48,149.09,-151.13
28.0,159.63,-162.29
29.26,151.23,-154.25
30.61,144.66,-148.07
35.22,153.21,-157.43
37.51,151.03,-155.83
30.01,112.42,-116.52
40.62,142.17,-148.07
18.72,61.44,-64.32
31.22,96.4,-101.47
32.9,95.84,-101.47
34.56,95.25,-101.47
-7.57,20.12,-22.11
-48.71,136.87,-149.53
-12.02,35.8,-38.88
-33.71,106.66,-115.21
-35.69,120.37,-129.35
-17.2,62.09,-66.39
-31.66,122.78,-130.7
-34.39,143.98,-152.62
-32.45,147.52,-155.77
-28.6,142.11,-149.53
-15.68,85.87,-90.05
-24.45,148.97,-155.77
-21.32,146.34,-152.62
-18.5,145.18,-151.07
-15.72,143.99,-149.53
-8.08,88.76,-92.02
-10.21,140.04,-144.99
-7.61,138.76,-143.5
-4.91,133.24,-137.68
-2.84,150.81,-155.77
-0.13,158.7,-163.9
2.62,152.36,-157.37
5.58,158.61,-163.9
7.46,140.21,-144.99
8.36,117.33,-121.46
12.63,141.32,-146.49
15.33,142.54,-148.0
19.81,157.54,-163.9
21.74,150.92,-157.37
25.46,156.77,-163.9
26.88,148.57,-155.77
29.85,149.61,-157.37
31.56,144.59,-152.62
34.86,147.0,-155.77
28.33,110.59,-117.67
40.54,147.23,-157.37
34.39,116.7,-125.35
25.1,79.88,-86.24
25.41,76.07,-82.57
29.2,82.48,-90.05
30.35,81.09,-89.09
-6.32,16.28,-18.47
-33.7,91.7,-103.44
-16.49,47.55,-53.33
-44.62,136.73,-152.5
-43.83,143.17,-158.86
-39.11,136.7,-150.95
-36.95,138.73,-152.5
-30.36,123.07,-134.72
-24.23,106.66,-116.3
-20.65,99.36,-107.96
-15.16,80.38,-87.05
-15.55,91.77,-99.1
-8.4,55.8,-60.09
-8.12,61.69,-66.29
-3.92,34.78,-37.3
-4.89,52.02,-55.69
-3.92,52.09,-55.69
-3.22,56.89,-60.75
-2.58,67.79,-72.34
-1.45,74.82,-79.8
-0.04,47.39,-50.53
1.31,74.01,-78.94
1.24,34.26,-36.55
3.41,62.08,-66.29
3.92,53.24,-56.91
6.88,74.55,-79.8
6.57,59.19,-63.46
11.35,87.41,-93.9
12.56,84.43,-90.91
14.59,86.98,-93.9
15.69,83.96,-90.91
14.18,68.82,-74.75
13.71,60.82,-66.29
15.67,63.98,-70.01
17.99,68.03,-74.75
20.33,71.52,-78.94
15.45,50.76,-56.3
11.42,35.2,-39.25
18.9,54.79,-61.42
18.06,49.39,-55.69
14.83,38.38,-43.54
-6.01,14.96,-17.55
-48.11,126.6,-147.69
-12.25,34.15,-39.6
-18.74,55.52,-64.04
-22.46,70.95,-81.41
-18.92,63.93,-73.0
-7.5,27.24,-30.96
-15.07,59.1,-66.89
-6.27,26.7,-30.11
-8.4,39.11,-43.94
-6.83,35.0,-39.2
-4.64,26.48,-29.56
-3.62,23.28,-25.93
-3.26,23.93,-26.59
-2.58,22.09,-24.49
-1.81,18.62,-20.61
-1.48,19.01,-21.02
-1.17,19.97,-22.05
-0.73,18.68,-20.61
-0.36,18.11,-19.97
-0.02,19.06,-21.02
0.37,20.13,-22.2
0.82,21.85,-24.11
1.11,19.55,-21.59
1.33,17.54,-19.38
1.78,18.62,-20.61
2.13,18.59,-20.61
2.68,19.99,-22.2
2.41,15.69,-17.47
4.17,24.03,-26.82
3.68,19.02,-21.3
6.04,28.36,-31.85
6.11,26.23,-29.56
5.61,22.17,-25.09
5.23,19.13,-21.74
5.52,18.79,-21.44
6.94,22.05,-25.29
8.85,26.36,-30.39
12.97,36.35,-42.14
15.18,40.15,-46.81
19.36,48.43,-56.81
-7.02,16.88,-20.52
-17.69,44.94,-54.28
-10.73,28.9,-34.71
-6.6,18.89,-22.56
-6.56,20.0,-23.76
-12.24,39.93,-47.22
-11.08,38.86,-45.74
-7.52,28.48,-33.38
-5.11,20.99,-24.51
-2.23,10.01,-11.65
-2.54,12.57,-14.58
-1.99,10.98,-12.7
-1.72,10.68,-12.31
-1.55,10.97,-12.62
-1.19,9.84,-11.3
-0.96,9.5,-10.89
-0.65,8.11,-9.29
-0.46,7.6,-8.69
-0.33,8.04,-9.19
-0.16,7.92,-9.04
-0.01,8.57,-9.79
0.16,8.35,-9.54
0.24,6.23,-7.11
0.5,8.47,-9.69
0.55,6.93,-7.93
0.65,6.61,-7.57
0.84,7.03,-8.07
1.1,7.9,-9.09
1.32,8.27,-9.54
1.64,9.14,-10.56
1.88,9.39,-10.89
2.15,9.75,-11.34
2.5,10.34,-12.07
3.17,12.08,-14.16
3.66,12.92,-15.21
3.86,12.68,-14.99
4.17,12.8,-15.21
5.04,14.5,-17.31
5.13,13.89,-16.67
6.61,16.89,-20.4
11.37,27.48,-33.38
-6.63,15.37,-19.38
-4.33,10.61,-13.29
-10.41,27.02,-33.66
-9.13,25.18,-31.2
-9.29,27.31,-33.66
-7.07,22.24,-27.28
-4.14,13.99,-17.09
-2.97,10.84,-13.18
-2.16,8.55,-10.36
-1.93,8.34,-10.07
-1.77,8.45,-10.16
-1.5,7.98,-9.57
-1.43,8.58,-10.26
-1.26,8.6,-10.26
-1.08,8.66,-10.31
-0.94,8.96,-10.65
-0.73,8.77,-10.41
-0.55,8.73,-10.36
-0.38,9.03,-10.7
-0.13,6.15,-7.29
-0.01,8.41,-9.97
0.17,8.7,-10.31
0.26,6.44,-7.63
0.54,8.86,-10.51
0.72,8.85,-10.51
0.86,8.38,-9.97
1.05,8.53,-10.16
1.27,8.8,-10.51
1.42,8.58,-10.26
1.6,8.6,-10.31
1.78,8.57,-10.31
2.09,9.14,-11.03
2.31,9.22,-11.17
2.07,7.62,-9.27
2.9,9.87,-12.05
3.0,9.51,-11.66
2.57,7.6,-9.37
3.63,10.06,-12.45
4.21,11.0,-13.69
5.1,12.55,-15.72
6.64,15.47,-19.49
-4.02,8.97,-11.75
-4.85,11.44,-14.89
-12.3,30.73,-39.78
-34.11,90.54,-116.54
-17.73,50.16,-64.23
-11.92,36.1,-46.0
-3.15,10.24,-12.99
-2.74,9.61,-12.14
-2.49,9.48,-11.93
-1.84,7.65,-9.59
-2.14,9.81,-12.27
-1.95,9.94,-12.39
-1.76,10.13,-12.59
-1.54,10.12,-12.55
-1.31,10.05,-12.43
-1.13,10.38,-12.83
-0.76,8.78,-10.83
-0.69,10.54,-12.99
-0.45,10.29,-12.67
-0.23,10.13,-12.47
-0.01,10.2,-12.55
0.21,10.23,-12.59
0.43,10.29,-12.67
0.38,6.0,-7.39
0.87,10.27,-12.67
1.11,10.42,-12.87
1.31,10.24,-12.67
1.52,10.13,-12.55
1.75,10.17,-12.63
1.98,10.2,-12.71
2.15,9.95,-12.43
2.4,10.11,-12.67
2.1,8.06,-10.15
2.66,9.41,-11.88
2.84,9.3,-11.8
3.17,9.66,-12.31
3.26,9.28,-11.88
2.88,7.69,-9.89
3.85,9.67,-12.51
4.39,10.41,-13.55
5.62,12.6,-16.5
-4.71,10.09,-13.76
-4.36,9.88,-13.39
-29.95,71.86,-96.82
-27.44,69.95,-93.73
-39.57,107.56,-143.37
-14.41,41.9,-55.59
-3.44,10.75,-14.2
-3.13,10.55,-13.87
-2.78,10.19,-13.35
-2.12,8.51,-11.1
-2.33,10.26,-13.35
-2.1,10.29,-13.35
-1.86,10.26,-13.27
-1.64,10.34,-13.35
-1.41,10.39,-13.39
-1.16,10.29,-13.24
-0.93,10.31,-13.24
-0.69,10.17,-13.05
-0.46,10.18,-13.05
-0.24,10.21,-13.08
-0.01,10.12,-12.97
0.22,10.42,-13.35
0.37,8.48,-10.86
0.68,10.29,-13.2
0.91,10.28,-13.2
1.13,10.23,-13.16
0.9,6.76,-8.7
1.6,10.29,-13.27
1.84,10.32,-13.35
2.06,10.21,-13.24
2.31,10.29,-13.39
2.5,10.11,-13.2
2.76,10.2,-13.35
2.93,9.95,-13.08
3.21,10.11,-13.35
2.96,8.66,-11.48
3.61,9.88,-13.16
3.89,9.97,-13.35
4.17,10.05,-13.54
2.9,6.61,-8.95
4.74,10.2,-13.91
-4.33,8.9,-12.66
-4.45,9.67,-13.67
-37.37,85.97,-120.81
-45.44,111.08,-155.24
-35.15,91.61,-127.37
-10.68,29.78,-41.2
-3.5,10.49,-14.45
-2.63,8.5,-11.65
-2.8,9.84,-13.45
-2.6,9.99,-13.6
-2.32,9.8,-13.29
-2.09,9.82,-13.29
-1.58,8.39,-11.33
-1.64,9.96,-13.41
-1.41,10.01,-13.45
-1.16,9.88,-13.25
-0.94,9.92,-13.29
-0.7,9.91,-13.25
-0.48,10.17,-13.6
-0.21,8.65,-11.56
-0.01,9.92,-13.25
0.22,9.83,-13.14
0.45,9.88,-13.22
0.68,9.94,-13.29
0.8,8.63,-11.56
1.16,10.03,-13.45
1.4,10.07,-13.52
1.6,9.85,-13.25
1.84,9.85,-13.29
2.09,9.94,-13.45
1.43,6.1,-8.27
2.25,8.7,-11.84
2.77,9.82,-13.41
3.04,9.92,-13.6
3.19,9.63,-13.25
3.5,9.83,-13.6
2.17,5.68,-7.9
3.98,9.79,-13.67
4.28,9.89,-13.9
4.46,9.73,-13.75
5.12,10.58,-15.03
-3.43,6.73,-10.01
-43.58,90.52,-133.75
-25.53,56.19,-82.54
-45.29,105.9,-154.71
-43.14,107.55,-156.31
-22.84,60.92,-88.11
-3.48,9.98,-14.36
-3.05,9.44,-13.54
-2.82,9.48,-13.54
-2.56,9.41,-13.38
-1.98,8.01,-11.36
-2.1,9.44,-13.35
-1.88,9.54,-13.46
-1.63,9.46,-13.31
-1.43,9.67,-13.58
-1.18,9.55,-13.38
-0.95,9.59,-13.42
-0.7,9.46,-13.23
-0.48,9.58,-13.38
-0.22,8.47,-11.83
-0.01,9.47,-13.23
0.13,5.69,-7.95
0.46,9.61,-13.42
0.7,9.71,-13.58
0.91,9.48,-13.27
1.16,9.57,-13.42
1.44,9.88,-13.88
1.64,9.62,-13.54
1.85,9.52,-13.42
2.1,9.58,-13.54
2.36,9.66,-13.69
2.48,9.19,-13.07
2.83,9.59,-13.69
2.76,8.6,-12.32
3.21,9.27,-13.35
3.49,9.37,-13.54
3.7,9.27,-13.46
4.03,9.48,-13.84
3.67,8.12,-11.92
4.61,9.63,-14.21
3.69,7.28,-10.82
-4.46,8.37,-13.03
-9.22,18.27,-28.28
-46.7,98.09,-150.97
-47.98,107.09,-163.92
-36.77,87.48,-133.21
-4.26,10.86,-16.45
-3.39,9.29,-14.01
-3.13,9.25,-13.89
-2.78,8.9,-13.32
-2.61,9.14,-13.63
-1.94,7.49,-11.14
-2.13,9.17,-13.59
-1.88,9.11,-13.47
-1.66,9.21,-13.59
-1.42,9.18,-13.51
-1.18,9.17,-13.47
-0.95,9.21,-13.51
-0.6,7.73,-11.34
-0.29,5.53,-8.1
-0.25,9.2,-13.47
-0.01,9.07,-13.28
0.22,9.12,-13.35
0.46,9.31,-13.63
0.69,9.19,-13.47
0.78,7.73,-11.34
1.16,9.17,-13.47
1.42,9.29,-13.67
1.62,9.11,-13.43
1.87,9.14,-13.51
2.09,9.09,-13.47
2.38,9.27,-13.78
2.15,7.6,-11.34
2.81,9.08,-13.59
3.09,9.18,-13.78
3.26,8.99,-13.55
3.55,9.1,-13.78
3.81,9.13,-13.89
4.05,9.08,-13.89
4.39,9.28,-14.27
4.69,9.34,-14.46
5.63,10.6,-16.51
-4.5,8.04,-13.16
-11.44,21.59,-35.11
-52.61,105.18,-170.06
-49.78,105.76,-170.06
-40.23,91.1,-145.72
-4.85,11.75,-18.71
-3.5,9.11,-14.43
-3.12,8.76,-13.83
-2.89,8.82,-13.87
-2.59,8.65,-13.55
-2.39,8.78,-13.71
-2.11,8.63,-13.44
-1.88,8.65,-13.44
-1.61,8.47,-13.11
-1.44,8.87,-13.71
-1.21,8.91,-13.75
-0.95,8.72,-13.44
-0.72,8.8,-13.55
-0.48,8.84,-13.59
-0.25,8.82,-13.55
-0.01,8.74,-13.44
0.23,8.82,-13.55
0.41,7.82,-12.02
0.71,9.01,-13.87
0.93,8.8,-13.55
1.16,8.71,-13.44
1.42,8.87,-13.71
1.44,7.67,-11.88
1.89,8.83,-13.71
2.14,8.86,-13.79
2.39,8.88,-13.87
2.6,8.76,-13.71
2.8,8.6,-13.52
3.07,8.69,-13.71
2.97,7.79,-12.34
3.52,8.59,-13.67
3.81,8.67,-13.87
4.05,8.65,-13.9
4.36,8.77,-14.17
3.97,7.54,-12.25
5.8,10.4,-17.01
-3.99,6.77,-11.67
-4.72,8.45,-14.48
-30.28,57.46,-97.88
-48.57,97.93,-165.89
-35.31,75.89,-127.9
-4.09,9.4,-15.76
-3.45,8.51,-14.21
-3.11,8.3,-13.79
-2.84,8.23,-13.63
-2.28,7.22,-11.91
-2.37,8.26,-13.59
-2.17,8.43,-13.83
-1.88,8.24,-13.48
-1.65,8.26,-13.48
-1.2,6.98,-11.37
-1.19,8.36,-13.59
-0.97,8.49,-13.79
-0.74,8.55,-13.87
-0.5,8.68,-14.06
-0.26,8.73,-14.14
-0.01,8.8,-14.25
0.21,7.64,-12.37
0.48,8.75,-14.18
0.72,8.65,-14.02
0.96,8.61,-13.98
1.22,8.67,-14.1
0.89,5.27,-8.58
1.7,8.62,-14.06
1.94,8.57,-14.02
2.18,8.55,-14.02
2.4,8.46,-13.91
2.61,8.34,-13.75
2.89,8.42,-13.95
2.76,7.42,-12.32
3.41,8.49,-14.18
3.63,8.41,-14.1
3.84,8.3,-13.98
4.09,8.3,-14.06
4.21,8.03,-13.67
4.7,8.46,-14.48
5.71,9.73,-16.76
-4.84,7.76,-14.14
-5.0,8.47,-15.34
-50.04,89.84,-161.74
-44.05,84.04,-150.47
-17.57,35.74,-63.66
-4.79,10.43,-18.49
-3.49,8.16,-14.4
-3.13,7.91,-13.91
-2.8,7.67,-13.43
-2.6,7.79,-13.59
-2.37,7.82,-13.59
-2.16,7.93,-13.75
-1.69,6.98,-12.07
-1.65,7.83,-13.51
-1.45,7.99,-13.75
-1.2,7.93,-13.63
-1.02,8.42,-14.44
-0.8,8.78,-15.06
-0.54,8.88,-15.22
-0.25,8.12,-13.91
-0.01,8.96,-15.34
0.26,9.15,-15.67
0.53,9.1,-15.59
0.8,9.04,-15.5
1.05,8.87,-15.22
1.3,8.79,-15.1
1.37,7.66,-13.18
1.78,8.55,-14.75
2.02,8.47,-14.63
2.28,8.47,-14.67
2.57,8.57,-14.9
2.8,8.46,-14.75
3.01,8.32,-14.56
2.95,7.5,-13.18
3.48,8.19,-14.44
3.76,8.24,-14.6
2.58,5.28,-9.41
4.24,8.14,-14.56
3.98,7.18,-12.92
4.72,8.04,-14.56
4.97,8.01,-14.6
-5.42,8.2,-15.84
-5.3,8.46,-16.26
-30.61,51.8,-98.92
-48.09,86.49,-164.25
-46.29,88.74,-167.65
-9.72,19.93,-37.47
-3.46,7.63,-14.29
-3.14,7.48,-13.94
-2.85,7.36,-13.66
-2.64,7.47,-13.82
-2.05,6.37,-11.74
-2.14,7.41,-13.62
-1.91,7.45,-13.66
-1.66,7.4,-13.54
-1.42,7.39,-13.5
-1.19,7.45,-13.58
-1.04,8.14,-14.83
-0.8,8.3,-15.1
-0.71,10.89,-19.79
-0.44,13.19,-23.95
-0.02,13.48,-24.47
0.43,14.1,-25.6
0.81,13.09,-23.78
1.17,12.55,-22.81
1.42,11.35,-20.67
1.75,11.15,-20.32
2.03,10.73,-19.59
2.31,10.45,-19.11
2.64,10.42,-19.11
2.83,9.9,-18.19
3.07,9.63,-17.76
3.33,9.49,-17.55
3.52,9.16,-17.0
3.86,9.25,-17.23
4.05,8.99,-16.83
4.46,9.2,-17.3
4.2,8.1,-15.3
4.82,8.72,-16.56
5.13,8.73,-16.66
5.37,8.62,-16.56
5.61,8.52,-16.45
-7.03,9.98,-20.53
-4.46,6.69,-13.68
-55.98,88.96,-180.9
-50.34,85.02,-171.94
-34.01,61.23,-123.18
-8.7,16.76,-33.55
-3.42,7.09,-14.12
-3.09,6.91,-13.72
-2.39,5.79,-11.45
-2.62,6.95,-13.68
-2.39,6.99,-13.72
-2.13,6.93,-13.56
-1.9,6.94,-13.56
-1.64,6.88,-13.4
-1.42,6.95,-13.52
-1.03,6.03,-11.7
-1.0,7.35,-14.24
-0.87,8.44,-16.33
-0.72,10.38,-20.09
-1.41,40.02,-77.39
-0.11,71.55,-138.35
2.89,89.82,-173.7
4.66,70.76,-136.91
6.69,67.08,-129.88
7.87,58.98,-114.32
9.25,55.23,-107.2
10.52,52.25,-101.57
9.36,39.73,-77.39
9.59,35.54,-69.39
10.0,32.85,-64.29
9.64,28.45,-55.85
9.53,25.48,-50.19
9.75,23.84,-47.11
10.33,23.25,-46.14
9.92,20.68,-41.2
10.41,20.17,-40.37
9.75,17.66,-35.51
9.42,15.99,-32.33
12.18,19.47,-39.57
10.78,16.26,-33.24
14.78,21.08,-43.36
-12.33,16.36,-36.02
-20.82,29.19,-63.88
-37.09,55.09,-119.85
-39.43,62.24,-134.66
-26.98,45.39,-97.71
-5.21,9.37,-20.08
-3.52,6.82,-14.54
-3.12,6.51,-13.83
-2.84,6.44,-13.62
-2.46,6.1,-12.85
-2.4,6.56,-13.79
-1.91,5.8,-12.15
-1.9,6.5,-13.58
-1.69,6.61,-13.79
-1.41,6.43,-13.37
-1.2,6.56,-13.62
-0.84,5.74,-11.9
-0.89,8.09,-16.76
-1.52,20.61,-42.67
-1.65,43.77,-90.56
-0.14,84.35,-174.48
2.82,81.79,-169.22
6.0,85.16,-176.27
8.8,82.53,-170.96
12.02,84.15,-174.48
14.75,82.33,-170.96
18.08,83.89,-174.48
20.47,81.2,-169.22
23.63,81.85,-170.96
26.58,81.64,-170.96
20.04,55.27,-116.07
33.12,82.81,-174.48
22.52,51.48,-108.84
32.45,68.27,-144.92
26.79,52.17,-111.2
18.77,34.01,-72.81
20.88,35.35,-76.06
22.16,35.17,-76.06
21.23,31.71,-68.94
21.65,30.51,-66.73
19.97,26.62,-58.58
-10.12,12.49,-29.57
-6.25,8.15,-19.19
-20.73,28.64,-67.0
-39.6,58.12,-135.22
-25.38,39.72,-91.93
-3.98,6.66,-15.34
-3.53,6.35,-14.56
-3.08,5.99,-13.68
-2.84,6.0,-13.64
-2.62,6.03,-13.68
-2.39,6.07,-13.72
-2.12,6.0,-13.51
-1.91,6.09,-13.68
-1.7,6.18,-13.84
-1.44,6.11,-13.68
-1.17,5.97,-13.34
-0.99,6.28,-14.01
-0.75,6.32,-14.09
-0.62,7.82,-17.41
-2.47,60.77,-135.22
-0.14,77.96,-173.43
2.05,55.25,-122.94
5.91,77.91,-173.43
9.02,78.65,-175.21
11.95,77.77,-173.43
2.64,13.71,-30.62
4.05,17.49,-39.12
3.77,13.91,-31.17
5.57,17.95,-40.31
6.33,18.08,-40.72
7.25,18.59,-41.98
8.39,19.5,-44.18
8.96,19.04,-43.28
9.89,19.36,-44.18
10.11,18.31,-41.98
10.6,17.86,-41.13
9.84,15.48,-35.82
5.39,7.96,-18.52
10.62,14.75,-34.48
13.21,17.31,-40.72
12.82,15.89,-37.61
-10.34,11.79,-30.2
-6.89,8.31,-21.15
-13.04,16.65,-42.14
-21.73,29.48,-74.2
-26.61,38.49,-96.38
-3.54,5.48,-13.65
-3.41,5.67,-14.06
-3.17,5.69,-14.06
-2.83,5.51,-13.56
-1.55,3.3,-8.09
-2.1,4.93,-12.05
-2.14,5.6,-13.65
-1.9,5.6,-13.61
-1.66,5.59,-13.56
-1.44,5.66,-13.69
-0.74,3.47,-8.38
-0.99,5.81,-14.02
-0.77,6.01,-14.5
-0.64,7.44,-17.93
-1.28,29.19,-70.26
-0.09,47.58,-114.53
1.45,36.31,-87.4
3.82,46.55,-112.1
4.96,39.99,-96.38
3.94,23.69,-57.17
2.41,11.58,-27.98
3.76,15.0,-36.31
4.61,15.72,-38.12
5.27,15.69,-38.12
4.46,11.77,-28.69
7.06,16.73,-40.88
8.16,17.54,-43.01
8.72,17.13,-42.14
9.93,17.96,-44.35
5.01,8.38,-20.79
9.73,15.15,-37.75
9.78,14.23,-35.62
10.68,14.57,-36.66
9.99,12.82,-32.44
11.78,14.27,-36.31
8.81,10.09,-25.85
-9.31,9.74,-27.18
-4.55,5.03,-13.95
-9.8,11.49,-31.68
-13.59,16.91,-46.4
-10.36,13.75,-37.51
-5.04,7.15,-19.42
-3.09,4.72,-12.76
-3.16,5.21,-14.03
-2.85,5.09,-13.65
-2.15,4.2,-11.21
-2.37,5.11,-13.61
-2.16,5.19,-13.78
-1.9,5.14,-13.61
-1.69,5.21,-13.78
-1.47,5.3,-13.99
-1.2,5.2,-13.7
-0.97,5.24,-13.78
-0.77,5.52,-14.51
-0.6,6.46,-16.96
-0.35,7.27,-19.06
-0.02,11.66,-30.57
0.43,9.89,-25.94
0.74,8.28,-21.72
1.08,7.99,-20.98
1.6,8.86,-23.29
2.4,10.58,-27.85
3.17,11.59,-30.57
3.97,12.43,-32.85
4.67,12.75,-33.77
5.72,13.86,-36.79
6.0,13.05,-34.74
6.98,13.77,-36.79
7.47,13.46,-36.09
8.48,14.08,-37.88
9.49,14.58,-39.41
9.86,14.09,-38.26
7.41,9.89,-26.97
10.51,13.16,-36.09
12.26,14.44,-39.8
13.18,14.65,-40.61
15.98,16.8,-46.88
-7.55,7.19,-22.06
-5.09,5.13,-15.63
-10.2,10.87,-32.96
-8.75,9.91,-29.88
-8.78,10.6,-31.78
-3.79,4.89,-14.6
-3.4,4.72,-14.03
-3.12,4.67,-13.82
-2.44,3.98,-11.72
-2.63,4.68,-13.74
-2.4,4.71,-13.78
-1.76,3.84,-11.2
-1.9,4.68,-13.61
-1.68,4.72,-13.7
-1.44,4.73,-13.7
-1.17,4.62,-13.35
-0.92,4.51,-13.04
-0.61,3.95,-11.41
-0.34,3.32,-9.57
-0.17,3.16,-9.1
-0.01,2.59,-7.47
0.14,2.99,-8.63
0.26,2.62,-7.55
0.41,2.76,-7.97
0.68,3.41,-9.84
1.09,4.36,-12.61
1.57,5.21,-15.11
2.04,5.81,-16.85
2.13,5.29,-15.38
2.78,6.12,-17.85
3.11,6.15,-17.98
3.4,6.1,-17.91
3.67,6.01,-17.72
4.01,6.06,-17.91
4.72,6.59,-19.57
4.47,5.82,-17.35
6.06,7.36,-22.06
7.0,7.97,-24.01
7.83,8.4,-25.44
9.29,9.4,-28.64
12.58,12.04,-36.91
-4.9,4.21,-14.32
-3.18,2.89,-9.77
-9.69,9.31,-31.31
-9.09,9.28,-31.03
-8.8,9.58,-31.87
-4.77,5.55,-18.38
-3.51,4.39,-14.48
-3.16,4.27,-14.03
-2.9,4.25,-13.91
-2.6,4.16,-13.57
-2.39,4.22,-13.69
-2.16,4.24,-13.74
-1.88,4.16,-13.43
-1.66,4.21,-13.57
-1.39,4.12,-13.26
-1.16,4.1,-13.17
-0.84,3.73,-11.96
-0.57,3.36,-10.75
-0.35,3.1,-9.93
-0.17,2.95,-9.44
-0.01,2.88,-9.23
0.18,3.33,-10.64
0.33,3.07,-9.82
0.49,2.95,-9.44
0.75,3.39,-10.85
0.98,3.55,-11.39
1.26,3.78,-12.16
1.49,3.82,-12.31
1.83,4.09,-13.21
2.11,4.19,-13.57
2.19,3.9,-12.65
2.45,3.96,-12.89
2.71,4.0,-13.07
2.96,4.03,-13.21
3.23,4.06,-13.39
3.54,4.15,-13.74
3.82,4.18,-13.91
4.3,4.41,-14.76
4.63,4.47,-15.03
5.1,4.65,-15.71
6.57,5.66,-19.27
-4.28,3.26,-12.49
-4.45,3.59,-13.64
-10.64,9.09,-34.39
-9.89,8.98,-33.75
-9.15,8.86,-33.14
-4.67,4.84,-18.01
-3.46,3.85,-14.27
-3.13,3.77,-13.9
-2.86,3.73,-13.73
-2.59,3.69,-13.51
-2.39,3.76,-13.73
-2.14,3.74,-13.6
-1.87,3.68,-13.38
-1.68,3.78,-13.69
-1.39,3.66,-13.25
-1.17,3.68,-13.29
-0.88,3.47,-12.49
-0.66,3.47,-12.49
-0.27,2.11,-7.59
-0.22,3.42,-12.29
-0.01,3.45,-12.39
0.2,3.39,-12.19
0.42,3.43,-12.34
0.52,2.83,-10.17
0.85,3.42,-12.34
1.1,3.54,-12.78
1.3,3.48,-12.59
1.55,3.53,-12.78
1.76,3.51,-12.73
1.98,3.5,-12.73
2.2,3.49,-12.73
2.4,3.45,-12.64
2.65,3.48,-12.78
2.29,2.77,-10.23
3.07,3.44,-12.73
3.28,3.42,-12.73
3.57,3.48,-13.02
3.77,3.44,-12.92
4.09,3.52,-13.29
4.4,3.57,-13.56
5.58,4.28,-16.36
-4.05,2.7,-11.81
-39.54,27.92,-121.27
-11.29,8.45,-36.48
-9.38,7.46,-32.03
-8.25,6.99,-29.86
-5.5,4.99,-21.21
-3.63,3.54,-14.99
-2.68,2.82,-11.87
-2.9,3.31,-13.89
-2.67,3.33,-13.93
-2.35,3.24,-13.5
-2.14,3.28,-13.63
-1.92,3.32,-13.76
-1.63,3.22,-13.32
-1.41,3.25,-13.41
-1.19,3.3,-13.59
-0.92,3.18,-13.09
-0.71,3.27,-13.46
-0.47,3.23,-13.28
-0.24,3.17,-13.0
-0.01,3.19,-13.09
0.22,3.24,-13.32
0.45,3.2,-13.14
0.67,3.18,-13.09
0.91,3.19,-13.14
1.13,3.19,-13.14
1.38,3.23,-13.32
1.63,3.25,-13.46
1.22,2.12,-8.8
2.12,3.28,-13.63
2.32,3.23,-13.46
2.49,3.14,-13.14
2.75,3.16,-13.28
2.58,2.73,-11.5
3.25,3.19,-13.5
3.47,3.17,-13.46
3.07,2.62,-11.18
3.96,3.17,-13.59
4.2,3.16,-13.63
4.47,3.17,-13.76
5.48,3.68,-16.08
-4.4,2.52,-12.83
-7.31,4.43,-22.41
-9.59,6.15,-30.97
-9.75,6.65,-33.28
-7.49,5.44,-27.1
-5.67,4.41,-21.88
-3.68,3.08,-15.17
-3.21,2.89,-14.21
-2.95,2.89,-14.13
-2.65,2.84,-13.83
-2.34,2.76,-13.44
-2.14,2.81,-13.61
-1.93,2.86,-13.83
-1.65,2.79,-13.44
-1.41,2.79,-13.44
-1.22,2.88,-13.83
-0.93,2.74,-13.16
-0.71,2.8,-13.44
-0.47,2.78,-13.3
-0.24,2.78,-13.3
-0.01,2.78,-13.3
0.22,2.74,-13.12
0.45,2.76,-13.21
0.69,2.78,-13.3
0.92,2.77,-13.3
1.14,2.74,-13.16
0.79,1.58,-7.62
1.37,2.36,-11.36
1.85,2.76,-13.35
2.1,2.78,-13.48
2.0,2.38,-11.57
2.54,2.75,-13.39
2.79,2.76,-13.48
2.54,2.31,-11.36
3.3,2.78,-13.7
3.52,2.76,-13.66
3.16,2.31,-11.52
3.9,2.68,-13.39
4.26,2.75,-13.83
4.59,2.79,-14.13
5.32,3.07,-15.61
-4.39,2.1,-12.81
-8.65,4.37,-26.52
-9.86,5.28,-31.86
-9.42,5.35,-32.14
-6.13,3.71,-22.18
-6.53,4.23,-25.17
-3.58,2.49,-14.76
-2.76,2.07,-12.21
-2.88,2.35,-13.81
-2.68,2.39,-13.98
-2.03,2.0,-11.65
-2.16,2.37,-13.77
-1.93,2.38,-13.81
-1.41,1.99,-11.49
-1.43,2.35,-13.59
-1.2,2.37,-13.68
-0.81,2.01,-11.54
-0.72,2.36,-13.59
-0.48,2.32,-13.32
-0.2,1.88,-10.78
-0.01,2.34,-13.46
0.22,2.33,-13.37
0.46,2.33,-13.37
0.69,2.34,-13.46
0.52,1.31,-7.52
1.15,2.31,-13.32
1.38,2.3,-13.28
1.63,2.34,-13.5
1.51,1.88,-10.89
2.09,2.32,-13.46
2.33,2.32,-13.5
2.49,2.25,-13.14
2.8,2.3,-13.5
3.04,2.3,-13.55
3.2,2.24,-13.28
3.5,2.29,-13.59
3.81,2.32,-13.85
3.92,2.24,-13.46
4.25,2.29,-13.81
4.59,2.33,-14.15
5.39,2.59,-15.8
-4.38,1.67,-12.78
-9.78,3.95,-30.0
-5.84,2.5,-18.87
-9.02,4.1,-30.79
-8.58,4.16,-31.06
-5.07,2.63,-19.55
-3.61,2.02,-14.9
-3.16,1.9,-14.0
-2.92,1.91,-14.0
-2.66,1.9,-13.87
-2.44,1.92,-14.0
-2.14,1.87,-13.61
-1.91,1.89,-13.66
-1.7,1.92,-13.87
-1.4,1.85,-13.34
-1.18,1.87,-13.48
-0.84,1.65,-11.87
-0.72,1.89,-13.61
-0.49,1.9,-13.66
-0.21,1.61,-11.55
-0.01,1.87,-13.43
0.23,1.91,-13.7
0.46,1.88,-13.52
0.69,1.88,-13.48
0.93,1.88,-13.52
1.16,1.86,-13.39
1.4,1.87,-13.48
1.64,1.87,-13.52
1.84,1.84,-13.3
2.13,1.89,-13.7
2.34,1.86,-13.52
2.55,1.84,-13.43
2.84,1.87,-13.7
3.08,1.87,-13.74
3.25,1.82,-13.48
3.52,1.84,-13.66
3.81,1.86,-13.87
4.04,1.85,-13.87
4.26,1.83,-13.83
4.64,1.88,-14.29
5.15,1.98,-15.1
-4.25,1.22,-12.39
-6.53,1.98,-20.04
-9.14,2.94,-29.53
-9.44,3.22,-32.22
-8.3,3.02,-30.03
-4.53,1.77,-17.47
-3.81,1.6,-15.72
-2.8,1.26,-12.39
-2.92,1.43,-14.01
-2.68,1.44,-14.01
-2.11,1.25,-12.09
-2.19,1.44,-13.93
-1.94,1.44,-13.89
-1.13,0.96,-9.22
-1.43,1.41,-13.58
-1.22,1.45,-13.89
-0.85,1.25,-11.99
-0.72,1.42,-13.58
-0.49,1.43,-13.67
-0.13,0.73,-6.95
-0.01,1.43,-13.62
0.23,1.42,-13.58
0.46,1.42,-13.54
0.69,1.4,-13.44
0.93,1.41,-13.54
1.01,1.22,-11.67
1.39,1.39,-13.4
1.66,1.42,-13.71
1.61,1.2,-11.62
2.13,1.42,-13.71
2.37,1.41,-13.71
2.22,1.2,-11.67
2.84,1.4,-13.71
3.11,1.42,-13.89
2.76,1.16,-11.46
3.56,1.39,-13.8
3.8,1.39,-13.84
3.37,1.16,-11.57
4.29,1.39,-13.93
4.59,1.4,-14.14
5.17,1.49,-15.15
-4.55,0.87,-13.27
-7.0,1.42,-21.48
-6.8,1.46,-21.98
-8.96,2.04,-30.58
-8.3,2.02,-30.06
-5.36,1.39,-20.67
-3.69,1.03,-15.21
-3.27,0.98,-14.48
-2.4,0.79,-11.52
-2.69,0.96,-14.03
-2.42,0.95,-13.9
-2.12,0.93,-13.5
-1.94,0.96,-13.85
-1.72,0.97,-14.03
-1.4,0.92,-13.27
-1.22,0.97,-13.9
-0.99,0.98,-14.07
-0.72,0.94,-13.5
-0.49,0.95,-13.68
-0.25,0.97,-13.9
-0.01,0.93,-13.32
0.23,0.95,-13.68
0.47,0.96,-13.72
0.7,0.95,-13.63
0.94,0.95,-13.68
1.17,0.94,-13.55
1.39,0.93,-13.41
1.66,0.95,-13.68
1.87,0.94,-13.55
2.13,0.94,-13.68
2.39,0.95,-13.85
2.61,0.94,-13.72
2.36,0.78,-11.41
3.06,0.93,-13.68
3.35,0.94,-13.9
2.97,0.78,-11.52
2.22,0.54,-8.08
4.04,0.92,-13.85
3.62,0.78,-11.73
4.7,0.96,-14.48
5.31,1.02,-15.57
-3.8,0.36,-11.09
-8.82,0.89,-27.03
-9.08,0.97,-29.31
-9.62,1.1,-32.84
-8.45,1.03,-30.59
-5.99,0.78,-23.1
-3.84,0.54,-15.82
-3.25,0.49,-14.41
-3.0,0.49,-14.37
-2.37,0.42,-12.36
-2.43,0.48,-13.95
-2.21,0.48,-14.08
-1.99,0.49,-14.2
-1.73,0.49,-14.12
-1.49,0.49,-14.2
-1.04,0.41,-11.79
-1.01,0.5,-14.33
-0.75,0.49,-14.03
-0.49,0.47,-13.6
-0.26,0.49,-14.08
-0.01,0.49,-14.03
0.23,0.48,-13.82
0.48,0.49,-14.03
0.73,0.49,-14.08
0.96,0.48,-13.86
1.2,0.48,-13.86
1.45,0.49,-14.03
1.68,0.48,-13.86
1.93,0.48,-13.99
2.14,0.47,-13.73
2.36,0.47,-13.69
2.62,0.47,-13.82
2.87,0.47,-13.86
3.06,0.46,-13.64
3.35,0.47,-13.9
3.57,0.47,-13.86
3.85,0.47,-14.03
4.04,0.46,-13.86
4.34,0.47,-14.08
4.61,0.47,-14.2
5.2,0.5,-15.25
-4.57,0.0,-13.33
-5.09,0.0,-15.62
-9.99,0.0,-32.26
-9.8,0.0,-33.45
-8.31,0.0,-30.07
-5.48,0.0,-21.13
-3.96,0.0,-16.34
-3.43,0.0,-15.22
-3.16,0.0,-15.14
-2.86,0.0,-14.94
-2.6,0.0,-14.9
-2.35,0.0,-14.98
-2.11,0.0,-15.1
-1.86,0.0,-15.14
-1.61,0.0,-15.25
-1.33,0.0,-15.1
-1.04,0.0,-14.78
-0.8,0.0,-15.1
-0.54,0.0,-15.1
-0.27,0.0,-14.98
-0.01,0.0,-14.86
0.25,0.0,-14.94
0.51,0.0,-14.98
0.76,0.0,-14.7
1.02,0.0,-14.78
1.29,0.0,-14.94
1.58,0.0,-15.22
1.79,0.0,-14.82
2.04,0.0,-14.78
2.28,0.0,-14.66
2.11,0.0,-12.21
2.62,0.0,-13.77
2.87,0.0,-13.86
3.15,0.0,-14.08
3.28,0.0,-13.6
3.53,0.0,-13.69
3.86,0.0,-14.03
4.1,0.0,-14.08
4.2,0.0,-13.64
4.58,0.0,-14.12
5.11,0.0,-14.98
-4.73,-0.45,-13.82
-7.9,-0.8,-24.21
-9.99,-1.07,-32.25
-9.45,-1.08,-32.25
-9.07,-1.1,-32.84
-7.61,-0.99,-29.31
-3.87,-0.54,-15.94
-3.72,-0.56,-16.47
-3.42,-0.56,-16.38
-3.17,-0.57,-16.56
-2.91,-0.57,-16.7
-2.63,-0.58,-16.75
-2.36,-0.58,-16.9
-2.07,-0.59,-16.9
-1.58,-0.52,-14.97
-1.5,-0.59,-17.05
-1.21,-0.6,-17.11
-0.9,-0.59,-16.95
-0.61,-0.6,-17.11
-0.31,-0.59,-16.9
-0.01,-0.58,-16.66
0.28,-0.58,-16.7
0.56,-0.58,-16.51
0.65,-0.44,-12.56
1.19,-0.6,-17.21
1.44,-0.58,-16.66
1.76,-0.59,-16.95
1.99,-0.57,-16.47
2.27,-0.57,-16.38
2.42,-0.54,-15.53
2.59,-0.52,-15.01
2.66,-0.48,-14.03
2.43,-0.4,-11.74
3.12,-0.47,-13.9
3.39,-0.48,-14.07
2.96,-0.39,-11.47
2.26,-0.28,-8.22
4.14,-0.47,-14.2
4.36,-0.47,-14.16
4.6,-0.47,-14.16
5.15,-0.49,-15.09
-5.28,-1.01,-15.4
-9.17,-1.85,-28.11
-9.63,-2.06,-31.11
-9.62,-2.19,-32.83
-9.24,-2.24,-33.43
-6.41,-1.66,-24.71
-7.48,-2.09,-30.84
-5.78,-1.74,-25.61
-5.19,-1.7,-24.88
-5.3,-1.89,-27.66
-4.94,-1.95,-28.34
-4.6,-2.02,-29.3
-4.47,-2.21,-31.95
-4.25,-2.4,-34.69
-3.59,-2.36,-34.05
-3.29,-2.6,-37.44
-2.64,-2.61,-37.44
-1.97,-2.58,-37.08
-1.34,-2.61,-37.44
-0.63,-2.42,-34.69
-0.03,-2.42,-34.69
0.43,-1.8,-25.81
1.13,-2.31,-33.13
1.66,-2.25,-32.24
1.58,-1.6,-22.94
2.76,-2.22,-31.95
3.34,-2.24,-32.24
2.17,-1.24,-17.91
3.11,-1.56,-22.52
2.33,-1.03,-14.97
2.6,-1.03,-15.04
2.66,-0.96,-14.02
2.34,-0.77,-11.3
3.07,-0.93,-13.72
3.35,-0.94,-13.9
3.56,-0.93,-13.81
3.85,-0.94,-14.02
4.1,-0.94,-14.07
4.37,-0.94,-14.19
4.65,-0.94,-14.32
5.09,-0.98,-14.93
-4.65,-1.33,-13.58
-11.31,-3.43,-34.67
-10.54,-3.39,-34.03
-9.36,-3.19,-31.93
-9.95,-3.62,-36.0
-9.08,-3.54,-34.99
-10.98,-4.59,-45.26
-10.76,-4.86,-47.67
-12.44,-6.1,-59.61
-12.18,-6.53,-63.61
-12.78,-7.55,-73.28
-12.16,-8.0,-77.39
-11.44,-8.47,-81.74
-10.02,-8.49,-81.74
-9.49,-9.38,-90.16
-5.9,-7.0,-67.16
-7.56,-11.19,-107.24
-5.0,-9.84,-94.17
-2.95,-8.64,-82.63
-1.87,-10.74,-102.71
-0.07,-9.54,-91.15
1.5,-9.43,-90.16
2.19,-6.72,-64.3
4.03,-8.18,-78.24
4.58,-6.93,-66.43
4.82,-5.83,-55.88
5.49,-5.51,-52.98
6.28,-5.39,-51.86
3.73,-2.8,-26.99
2.49,-1.65,-16.01
2.5,-1.49,-14.47
2.62,-1.42,-13.8
2.87,-1.42,-13.89
3.01,-1.37,-13.44
3.38,-1.42,-14.01
3.58,-1.4,-13.89
3.83,-1.4,-13.93
4.17,-1.43,-14.31
4.38,-1.42,-14.22
4.6,-1.4,-14.18
5.03,-1.45,-14.75
-4.69,-1.79,-13.7
-9.96,-4.02,-30.52
-6.02,-2.58,-19.45
-9.51,-4.33,-32.47
-8.15,-3.95,-29.49
-8.74,-4.54,-33.68
-8.98,-5.01,-37.01
-10.1,-6.08,-44.75
-12.69,-8.3,-60.84
-12.17,-8.7,-63.54
-12.63,-9.94,-72.41
-14.31,-12.54,-91.05
-11.93,-11.78,-85.29
-10.46,-11.8,-85.29
-8.5,-11.2,-80.76
-4.46,-7.05,-50.72
-8.23,-16.24,-116.74
-6.2,-16.26,-116.74
-2.5,-9.77,-70.08
-2.08,-15.93,-114.27
-0.09,-16.28,-116.74
1.57,-13.12,-94.07
2.94,-12.02,-86.22
3.31,-8.95,-64.23
4.38,-8.84,-63.54
3.56,-5.73,-41.25
5.04,-6.75,-48.63
5.47,-6.26,-45.21
5.22,-5.21,-37.74
2.72,-2.4,-17.45
2.47,-1.96,-14.29
2.62,-1.89,-13.78
2.84,-1.87,-13.7
2.72,-1.65,-12.13
3.42,-1.92,-14.17
3.61,-1.89,-14.0
3.26,-1.59,-11.87
4.13,-1.89,-14.17
4.4,-1.9,-14.29
3.85,-1.57,-11.87
4.96,-1.91,-14.54
-4.88,-2.33,-14.23
-13.3,-6.72,-40.78
-10.23,-5.47,-33.02
-9.42,-5.35,-32.13
-8.65,-5.24,-31.29
-8.34,-5.41,-32.13
-9.42,-6.56,-38.81
-8.93,-6.72,-39.58
-8.68,-7.09,-41.61
-6.15,-5.5,-32.13
-8.21,-8.07,-47.06
-7.71,-8.44,-49.07
-6.58,-8.12,-47.06
-6.84,-9.64,-55.74
-6.19,-10.19,-58.82
-5.28,-10.43,-60.11
-4.1,-10.11,-58.19
-3.09,-10.13,-58.19
-1.02,-5.0,-28.72
-1.21,-11.55,-66.27
-0.05,-10.47,-60.11
1.1,-11.55,-66.27
1.39,-7.1,-40.78
2.97,-10.02,-57.57
3.84,-9.69,-55.74
4.47,-8.98,-51.73
5.09,-8.5,-49.07
5.47,-7.81,-45.15
5.06,-6.32,-36.61
2.69,-2.97,-17.26
2.24,-2.22,-12.95
2.65,-2.38,-13.94
2.87,-2.36,-13.85
3.04,-2.3,-13.54
3.37,-2.36,-13.98
3.62,-2.36,-14.02
3.24,-1.98,-11.8
4.15,-2.37,-14.23
4.45,-2.39,-14.44
4.54,-2.3,-13.98
4.91,-2.36,-14.39
-8.14,-4.66,-23.75
-7.59,-4.6,-23.28
-9.85,-6.32,-31.79
-10.12,-6.9,-34.52
-8.56,-6.22,-30.96
-8.88,-6.9,-34.2
-8.78,-7.34,-36.19
-7.79,-7.03,-34.52
-7.2,-7.06,-34.52
-6.61,-7.08,-34.52
-6.25,-7.38,-35.85
-5.86,-7.69,-37.26
-3.57,-5.27,-25.49
-4.48,-7.58,-36.54
-4.08,-8.05,-38.74
-2.16,-5.12,-24.58
-2.6,-7.69,-36.9
-1.9,-7.48,-35.85
-1.17,-6.82,-32.66
-0.73,-8.34,-39.91
-0.04,-9.42,-45.07
0.74,-9.32,-44.61
1.67,-10.23,-48.99
2.4,-9.7,-46.5
3.11,-9.4,-45.07
4.1,-9.88,-47.47
3.21,-6.44,-30.96
5.24,-8.97,-43.26
5.15,-7.71,-37.26
2.81,-3.73,-18.08
2.46,-2.93,-14.25
2.68,-2.9,-14.12
2.86,-2.83,-13.83
3.1,-2.82,-13.83
3.33,-2.8,-13.83
3.58,-2.8,-13.87
3.91,-2.86,-14.25
4.15,-2.85,-14.25
4.37,-2.82,-14.16
4.69,-2.86,-14.45
5.03,-2.89,-14.73
-5.56,-3.71,-16.21
-9.18,-6.48,-28.15
-7.54,-5.64,-24.36
-8.9,-7.07,-30.36
-8.85,-7.5,-32.01
-8.62,-7.81,-33.2
-7.12,-6.94,-29.34
-6.35,-6.68,-28.15
-4.47,-5.11,-21.45
-5.14,-6.42,-26.83
-4.91,-6.75,-28.15
-3.35,-5.13,-21.32
-3.53,-6.09,-25.25
-3.05,-6.02,-24.89
-2.7,-6.21,-25.63
-2.04,-5.64,-23.23
-1.71,-5.88,-24.19
-1.5,-6.85,-28.15
-0.83,-5.69,-23.38
-0.47,-6.34,-26.01
-0.02,-6.86,-28.15
0.55,-8.09,-33.2
1.62,-11.54,-47.38
1.04,-4.92,-20.21
1.72,-6.05,-24.89
2.6,-7.31,-30.1
3.75,-8.75,-36.12
5.23,-10.44,-43.17
6.56,-11.43,-47.38
2.96,-4.58,-19.01
2.53,-3.51,-14.62
2.62,-3.3,-13.8
2.85,-3.28,-13.76
3.15,-3.34,-14.05
3.4,-3.33,-14.09
3.59,-3.28,-13.93
3.91,-3.33,-14.22
4.11,-3.29,-14.09
4.34,-3.27,-14.09
4.6,-3.27,-14.18
4.99,-3.35,-14.62
-5.9,-4.5,-17.21
-11.65,-9.39,-35.7
-11.95,-10.21,-38.57
-10.36,-9.41,-35.36
-6.16,-5.97,-22.31
-11.18,-11.58,-43.07
-10.89,-12.12,-44.88
-9.72,-11.68,-43.07
-8.29,-10.81,-39.74
-8.34,-11.88,-43.52
-6.41,-10.07,-36.74
-5.61,-9.81,-35.7
-4.39,-8.64,-31.37
-2.55,-5.75,-20.81
-1.81,-4.75,-17.15
-1.54,-4.85,-17.5
-1.18,-4.65,-16.73
-0.88,-4.62,-16.64
-0.64,-5.01,-18.0
-0.48,-7.28,-26.15
-0.02,-8.65,-31.1
0.59,-9.93,-35.7
0.97,-7.87,-28.31
0.97,-5.23,-18.81
2.07,-8.34,-30.03
1.57,-5.03,-18.14
3.28,-8.76,-31.66
2.48,-5.66,-20.48
2.24,-4.47,-16.22
2.28,-4.02,-14.63
2.45,-3.89,-14.18
2.64,-3.8,-13.89
2.88,-3.78,-13.89
3.16,-3.82,-14.1
3.35,-3.75,-13.89
3.66,-3.81,-14.18
3.34,-3.25,-12.14
4.16,-3.8,-14.27
4.37,-3.76,-14.18
4.01,-3.25,-12.34
4.84,-3.71,-14.18
-5.37,-4.6,-15.66
-4.64,-4.21,-14.23
-9.78,-9.39,-31.57
-9.68,-9.88,-33.03
-8.21,-8.93,-29.7
-7.27,-8.46,-28.01
-4.31,-5.39,-17.76
-3.48,-4.7,-15.42
-2.73,-4.0,-13.07
-1.94,-3.11,-10.14
-2.09,-3.7,-12.01
-1.76,-3.47,-11.23
-1.34,-2.97,-9.6
-1.27,-3.22,-10.36
-1.2,-3.56,-11.44
-0.76,-2.68,-8.6
-0.8,-3.54,-11.33
-0.56,-3.27,-10.47
-0.37,-3.27,-10.47
-0.2,-3.48,-11.12
-0.01,-3.44,-11.01
0.16,-2.95,-9.44
0.31,-2.87,-9.17
0.52,-3.13,-10.03
0.54,-2.45,-7.85
0.79,-2.86,-9.17
1.1,-3.31,-10.63
1.07,-2.73,-8.81
1.74,-3.89,-12.55
2.11,-4.19,-13.56
2.0,-3.57,-11.59
2.59,-4.19,-13.64
2.87,-4.24,-13.86
3.09,-4.2,-13.77
3.37,-4.24,-13.98
3.62,-4.24,-14.02
3.83,-4.19,-13.94
4.09,-4.2,-14.02
4.37,-4.22,-14.19
4.65,-4.23,-14.31
5.01,-4.31,-14.67
-4.09,-3.89,-11.92
-4.25,-4.28,-13.03
-14.56,-15.52,-47.01
-15.31,-17.34,-52.23
-17.33,-20.93,-62.72
-13.27,-17.15,-51.14
-5.38,-7.47,-22.18
-3.35,-5.03,-14.86
-2.62,-4.27,-12.56
-2.28,-4.06,-11.92
-2.03,-3.97,-11.61
-1.05,-2.3,-6.71
-1.54,-3.79,-11.03
-1.37,-3.84,-11.14
-1.08,-3.55,-10.28
-0.95,-3.74,-10.82
-0.74,-3.63,-10.49
-0.67,-4.37,-12.61
-0.41,-4.01,-11.56
-0.22,-4.1,-11.82
-0.01,-3.89,-11.19
0.17,-3.51,-10.11
0.41,-4.19,-12.07
0.63,-4.22,-12.17
0.84,-4.22,-12.17
1.11,-4.44,-12.85
1.33,-4.42,-12.8
1.57,-4.46,-12.94
1.89,-4.71,-13.69
1.8,-3.96,-11.56
2.27,-4.49,-13.12
2.63,-4.71,-13.82
2.9,-4.75,-13.98
3.13,-4.72,-13.94
3.4,-4.75,-14.11
3.64,-4.73,-14.11
3.93,-4.78,-14.31
3.58,-4.07,-12.27
4.39,-4.7,-14.23
4.69,-4.74,-14.43
5.21,-4.98,-15.26
-4.34,-4.54,-12.66
-10.71,-11.84,-32.83
-6.81,-7.97,-21.98
-8.16,-10.15,-27.83
-5.7,-7.56,-20.62
-5.7,-8.1,-21.98
-3.68,-5.61,-15.17
-2.66,-4.38,-11.78
-2.81,-5.03,-13.47
-2.2,-4.3,-11.47
-2.27,-4.9,-13.03
-2.09,-5.01,-13.3
-1.84,-4.97,-13.17
-1.6,-4.94,-13.03
-1.4,-5.03,-13.26
-0.69,-2.97,-7.8
-0.92,-4.94,-12.99
-0.7,-5.02,-13.17
-0.47,-5.0,-13.12
-0.23,-4.88,-12.8
-0.01,-4.89,-12.8
0.22,-5.01,-13.12
0.44,-4.88,-12.8
0.67,-4.95,-12.99
0.76,-4.21,-11.05
1.13,-4.99,-13.12
1.37,-5.0,-13.17
1.34,-4.19,-11.05
1.78,-4.87,-12.89
2.07,-5.01,-13.3
1.97,-4.29,-11.42
2.62,-5.16,-13.77
2.88,-5.19,-13.9
3.07,-5.09,-13.69
3.39,-5.21,-14.06
3.64,-5.2,-14.1
3.84,-5.13,-13.98
4.15,-5.19,-14.22
4.43,-5.22,-14.38
4.62,-5.13,-14.22
5.07,-5.33,-14.85
-2.46,-2.8,-7.17
-6.86,-8.26,-21.01
-8.88,-11.33,-28.67
-6.38,-8.65,-21.76
-7.54,-10.9,-27.29
-5.72,-8.85,-22.03
-3.36,-5.59,-13.85
-3.29,-5.9,-14.57
-2.93,-5.71,-14.05
-2.63,-5.6,-13.72
-2.42,-5.67,-13.85
-2.18,-5.69,-13.85
-1.91,-5.61,-13.64
-1.66,-5.59,-13.55
-1.45,-5.69,-13.77
-1.21,-5.68,-13.72
-0.96,-5.64,-13.6
-0.72,-5.65,-13.6
-0.48,-5.58,-13.43
-0.25,-5.7,-13.72
-0.01,-4.77,-11.48
0.22,-5.56,-13.38
0.46,-5.65,-13.6
0.59,-4.72,-11.38
0.92,-5.53,-13.34
1.16,-5.54,-13.38
1.39,-5.53,-13.38
1.64,-5.58,-13.51
1.88,-5.6,-13.6
2.12,-5.58,-13.6
2.39,-5.65,-13.81
2.62,-5.62,-13.77
2.84,-5.58,-13.72
3.14,-5.68,-14.01
3.42,-5.72,-14.17
3.57,-5.56,-13.85
3.86,-5.62,-14.05
4.14,-5.65,-14.21
4.38,-5.62,-14.21
4.62,-5.59,-14.21
4.52,-5.18,-13.25
-4.53,-5.58,-13.2
-7.91,-10.31,-24.25
-9.0,-12.42,-29.04
-7.9,-11.6,-26.96
-6.75,-10.56,-24.43
-5.12,-8.57,-19.74
-3.82,-6.87,-15.74
-3.33,-6.46,-14.74
-2.95,-6.21,-14.12
-2.7,-6.23,-14.12
-2.45,-6.22,-14.04
-2.18,-6.16,-13.87
-1.96,-6.23,-14.0
-1.73,-6.3,-14.12
-1.43,-6.06,-13.54
-1.2,-6.12,-13.67
-0.84,-5.31,-11.84
-0.73,-6.2,-13.79
-0.49,-6.14,-13.67
-0.21,-5.26,-11.69
-0.01,-6.15,-13.67
0.23,-6.09,-13.54
0.47,-6.15,-13.67
0.42,-3.62,-8.06
0.95,-6.15,-13.71
1.15,-5.96,-13.29
1.42,-6.12,-13.67
1.66,-6.1,-13.67
1.86,-5.98,-13.42
2.15,-6.15,-13.83
2.4,-6.15,-13.87
2.61,-6.06,-13.71
2.89,-6.14,-13.95
3.16,-6.19,-14.12
3.35,-6.06,-13.87
3.64,-6.14,-14.12
3.9,-6.14,-14.2
4.1,-6.06,-14.08
4.4,-6.11,-14.28
4.68,-6.12,-14.39
5.04,-6.25,-14.78
-4.97,-6.58,-14.49
-4.56,-6.39,-13.98
-7.65,-11.35,-24.68
-6.75,-10.64,-23.01
-6.45,-10.84,-23.32
-5.1,-9.18,-19.65
-3.99,-7.72,-16.44
-3.29,-6.86,-14.56
-2.93,-6.65,-14.06
-2.36,-5.85,-12.33
-2.42,-6.6,-13.86
-2.21,-6.72,-14.06
-1.95,-6.66,-13.9
-1.72,-6.73,-14.02
-1.47,-6.71,-13.94
-1.21,-6.62,-13.74
-0.98,-6.71,-13.9
-0.73,-6.67,-13.82
-0.49,-6.58,-13.61
-0.26,-6.76,-13.98
-0.01,-6.74,-13.94
0.23,-6.62,-13.69
0.47,-6.64,-13.74
0.61,-5.74,-11.89
0.94,-6.61,-13.69
1.18,-6.56,-13.61
1.43,-6.63,-13.78
1.66,-6.6,-13.74
1.9,-6.58,-13.74
2.12,-6.5,-13.61
2.4,-6.62,-13.9
2.64,-6.6,-13.9
2.4,-5.49,-11.59
3.15,-6.63,-14.06
3.39,-6.6,-14.06
3.58,-6.48,-13.86
3.91,-6.61,-14.22
4.19,-6.65,-14.37
4.33,-6.47,-14.06
3.46,-4.88,-10.66
5.1,-6.8,-14.95
-4.7,-6.67,-13.71
-5.86,-8.79,-17.97
-6.74,-10.71,-21.75
-6.12,-10.33,-20.87
-5.52,-9.93,-19.97
-5.08,-9.78,-19.57
-4.25,-8.78,-17.49
-3.26,-7.27,-14.42
-2.94,-7.12,-14.07
-2.74,-7.27,-14.31
-2.44,-7.13,-13.99
-2.18,-7.09,-13.87
-1.94,-7.09,-13.83
-1.53,-6.42,-12.5
-1.46,-7.14,-13.87
-1.2,-7.05,-13.67
-0.85,-6.21,-12.03
-0.72,-7.05,-13.63
-0.5,-7.18,-13.87
-0.25,-7.18,-13.87
-0.01,-7.08,-13.67
0.23,-7.1,-13.71
0.47,-7.11,-13.75
0.72,-7.23,-13.99
0.95,-7.1,-13.75
1.17,-7.01,-13.59
1.44,-7.14,-13.87
1.7,-7.21,-14.03
1.9,-7.05,-13.75
2.15,-7.07,-13.83
2.12,-6.26,-12.27
2.59,-6.93,-13.63
2.87,-7.03,-13.87
3.18,-7.16,-14.19
3.37,-7.01,-13.95
3.61,-7.0,-13.99
3.89,-7.04,-14.15
4.16,-7.06,-14.27
4.46,-7.12,-14.46
4.55,-6.85,-13.99
5.08,-7.24,-14.88
-4.71,-7.11,-13.73
-5.7,-9.1,-17.47
-4.17,-7.05,-13.44
-5.26,-9.46,-17.95
-4.9,-9.4,-17.74
-4.54,-9.3,-17.47
-3.29,-7.25,-13.57
-3.27,-7.79,-14.51
-2.94,-7.59,-14.08
-2.7,-7.62,-14.08
-2.43,-7.56,-13.93
-2.17,-7.52,-13.81
-1.9,-7.43,-13.61
-1.71,-7.62,-13.93
-1.49,-7.74,-14.12
-0.72,-4.52,-8.23
-0.97,-7.57,-13.77
-0.64,-6.59,-11.97
-0.48,-7.47,-13.57
-0.25,-7.52,-13.65
-0.01,-7.25,-13.15
0.23,-7.59,-13.77
0.47,-7.54,-13.69
0.71,-7.6,-13.81
0.94,-7.48,-13.61
1.18,-7.49,-13.65
1.42,-7.48,-13.65
1.67,-7.55,-13.81
1.6,-6.32,-11.58
2.12,-7.41,-13.61
2.39,-7.5,-13.81
2.59,-7.36,-13.61
2.85,-7.42,-13.77
3.06,-7.33,-13.65
3.34,-7.41,-13.85
3.59,-7.42,-13.93
3.4,-6.55,-12.35
4.04,-7.3,-13.85
4.35,-7.41,-14.12
4.09,-6.56,-12.58
4.62,-7.01,-13.53
-4.61,-7.39,-13.46
-4.78,-8.1,-14.66
-5.12,-9.18,-16.51
-4.6,-8.78,-15.7
-4.35,-8.85,-15.74
-4.15,-9.02,-15.97
-3.84,-8.98,-15.83
-3.01,-7.59,-13.33
-2.74,-7.51,-13.13
-2.52,-7.53,-13.13
-2.28,-7.51,-13.04
-2.09,-7.68,-13.29
-1.62,-6.7,-11.57
-1.66,-7.86,-13.54
-1.41,-7.8,-13.41
-1.16,-7.67,-13.17
-0.96,-7.92,-13.58
-0.72,-7.86,-13.46
-0.48,-7.79,-13.33
-0.25,-7.94,-13.58
-0.01,-6.74,-11.52
0.22,-7.82,-13.37
0.46,-7.86,-13.46
0.69,-7.83,-13.41
0.93,-7.83,-13.41
1.15,-7.74,-13.29
1.36,-7.63,-13.13
1.63,-7.81,-13.46
1.64,-6.84,-11.82
2.08,-7.7,-13.33
2.35,-7.82,-13.58
2.54,-7.68,-13.37
2.77,-7.65,-13.37
3.04,-7.74,-13.58
3.23,-7.59,-13.37
3.49,-7.65,-13.54
3.7,-7.57,-13.46
3.86,-7.41,-13.25
2.45,-4.42,-7.95
4.46,-7.6,-13.73
5.08,-8.18,-14.89
-4.39,-7.43,-12.8
-4.65,-8.32,-14.24
-4.59,-8.7,-14.81
-4.47,-9.0,-15.24
-3.7,-7.95,-13.38
-3.83,-8.81,-14.77
-3.38,-8.35,-13.93
-2.55,-6.81,-11.31
-2.68,-7.76,-12.84
-2.47,-7.82,-12.88
-2.2,-7.68,-12.63
-2.03,-7.86,-12.88
-1.87,-8.16,-13.34
-1.71,-8.55,-13.93
-1.5,-8.73,-14.2
-1.25,-8.77,-14.24
-0.99,-8.66,-14.05
-0.76,-8.79,-14.24
-0.49,-8.56,-13.85
-0.25,-8.58,-13.89
-0.01,-8.59,-13.89
0.23,-8.56,-13.85
0.48,-8.7,-14.08
0.71,-8.5,-13.78
0.95,-8.47,-13.74
1.19,-8.48,-13.78
1.42,-8.42,-13.7
1.67,-8.45,-13.78
1.95,-8.62,-14.08
2.17,-8.53,-13.97
2.41,-8.48,-13.93
2.37,-7.55,-12.45
2.94,-8.59,-14.2
3.12,-8.39,-13.93
3.28,-8.15,-13.58
3.36,-7.77,-13.01
3.59,-7.76,-13.05
3.77,-7.64,-12.93
3.97,-7.58,-12.88
4.24,-7.63,-13.05
4.79,-8.16,-14.05
-5.05,-9.0,-14.72
-4.55,-8.57,-13.93
-4.35,-8.69,-14.04
-4.09,-8.69,-13.96
-3.49,-7.91,-12.64
-3.62,-8.76,-13.93
-3.47,-9.04,-14.3
-3.24,-9.1,-14.34
-2.98,-9.09,-14.27
-2.73,-9.12,-14.27
-2.49,-9.15,-14.27
-2.23,-9.1,-14.15
-1.79,-8.26,-12.81
-1.83,-9.61,-14.87
-1.63,-10.02,-15.48
-1.36,-10.04,-15.48
-1.08,-9.95,-15.31
-0.73,-8.91,-13.7
-0.55,-10.07,-15.48
-0.28,-10.08,-15.48
-0.01,-9.97,-15.31
0.26,-9.97,-15.31
0.51,-9.78,-15.03
0.79,-9.96,-15.31
1.05,-9.89,-15.23
1.3,-9.78,-15.07
1.59,-9.94,-15.35
1.83,-9.79,-15.15
2.12,-9.87,-15.31
2.38,-9.85,-15.31
2.65,-9.85,-15.35
2.94,-9.9,-15.48
2.88,-8.85,-13.89
3.39,-9.59,-15.11
3.59,-9.4,-14.87
3.6,-8.79,-13.96
3.8,-8.65,-13.81
4.08,-8.72,-14.0
4.32,-8.67,-14.0
3.02,-5.72,-9.29
5.0,-8.96,-14.64
-5.12,-9.6,-14.94
-5.51,-10.92,-16.89
-3.28,-6.88,-10.58
-3.73,-8.33,-12.73
-3.61,-8.59,-13.06
-3.37,-8.57,-12.98
-3.66,-10.02,-15.1
-3.84,-11.34,-17.01
-4.03,-12.93,-19.32
-3.98,-13.95,-20.78
-3.6,-13.91,-20.66
-3.27,-14.04,-20.78
-2.51,-12.14,-17.92
-1.97,-10.88,-16.02
-1.46,-9.44,-13.88
-1.38,-10.69,-15.69
-1.11,-10.71,-15.69
-0.82,-10.48,-15.34
-0.55,-10.55,-15.43
-0.28,-10.61,-15.51
-0.01,-10.73,-15.69
0.26,-10.61,-15.51
0.54,-10.85,-15.88
0.77,-10.15,-14.86
1.1,-10.83,-15.88
1.38,-10.85,-15.92
1.61,-10.53,-15.47
1.86,-10.45,-15.38
2.16,-10.57,-15.6
2.44,-10.6,-15.69
2.7,-10.51,-15.6
2.99,-10.57,-15.74
2.96,-9.56,-14.29
3.55,-10.55,-15.83
4.22,-11.6,-17.48
4.69,-12.0,-18.15
4.86,-11.64,-17.69
5.67,-12.71,-19.43
6.12,-12.92,-19.85
5.16,-10.27,-15.88
5.54,-10.43,-16.22
-5.73,-11.26,-16.72
-3.64,-7.56,-11.15
-3.83,-8.42,-12.35
-3.33,-7.78,-11.34
-3.3,-8.23,-11.95
-3.24,-8.64,-12.48
-3.53,-10.11,-14.53
-4.19,-12.95,-18.54
-4.75,-15.95,-22.75
-5.38,-19.74,-28.06
-5.45,-22.03,-31.21
-4.27,-19.2,-27.13
-3.08,-15.61,-21.99
-2.29,-13.25,-18.63
-1.79,-12.14,-17.03
-1.48,-12.03,-16.84
-1.2,-12.13,-16.97
-0.88,-11.84,-16.55
-0.6,-12.06,-16.84
-0.3,-11.9,-16.6
-0.01,-12.21,-17.03
0.28,-12.03,-16.78
0.58,-12.2,-17.03
0.86,-11.97,-16.72
1.17,-12.18,-17.03
1.44,-11.94,-16.72
1.29,-8.87,-12.43
1.85,-10.85,-15.24
2.35,-12.04,-16.97
2.76,-12.55,-17.72
2.92,-11.93,-16.9
3.3,-12.22,-17.36
3.58,-12.13,-17.29
4.03,-12.54,-17.96
4.98,-14.36,-20.64
6.62,-17.75,-25.62
5.42,-13.59,-19.72
7.66,-18.0,-26.25
7.66,-16.94,-24.84
6.79,-14.17,-20.89
5.38,-10.63,-15.77
-6.26,-12.84,-18.24
-7.22,-15.68,-22.13
-2.97,-6.82,-9.57
-3.1,-7.58,-10.58
-3.01,-7.84,-10.88
-2.3,-6.41,-8.86
-3.0,-8.98,-12.35
-3.5,-11.3,-15.48
-3.72,-13.07,-17.83
-4.1,-15.75,-21.41
-3.1,-13.1,-17.75
-3.46,-16.27,-21.98
-3.23,-17.12,-23.07
-2.55,-15.43,-20.75
-2.2,-15.56,-20.88
-1.9,-16.09,-21.55
-1.55,-16.43,-21.98
-1.11,-15.62,-20.88
-0.78,-16.35,-21.84
-0.35,-14.21,-18.97
-0.02,-17.17,-22.91
0.38,-17.29,-23.07
0.78,-17.04,-22.75
1.19,-17.27,-23.07
1.54,-16.66,-22.28
1.94,-16.75,-22.43
1.98,-14.21,-19.07
2.72,-16.69,-22.43
3.11,-16.65,-22.43
3.57,-16.96,-22.91
3.8,-16.22,-21.98
3.95,-15.27,-20.75
4.44,-15.7,-21.41
4.13,-13.45,-18.41
5.27,-15.88,-21.84
5.79,-16.24,-22.43
5.97,-15.63,-21.69
6.41,-15.76,-21.98
5.6,-12.94,-18.16
5.36,-11.69,-16.49
3.91,-8.07,-11.45
-6.46,-13.83,-18.83
-2.46,-5.56,-7.53
-3.05,-7.32,-9.85
-2.85,-7.25,-9.7
-2.7,-7.33,-9.75
-2.49,-7.25,-9.6
-2.58,-8.04,-10.61
-2.71,-9.14,-12.0
-2.78,-10.19,-13.33
-2.58,-10.34,-13.48
-2.12,-9.37,-12.17
-2.18,-10.69,-13.85
-2.01,-11.12,-14.37
-1.71,-10.83,-13.96
-1.5,-11.05,-14.22
-1.26,-11.19,-14.37
-1.02,-11.32,-14.52
-0.77,-11.27,-14.44
-0.53,-11.52,-14.75
-0.24,-10.33,-13.22
-0.01,-11.78,-15.07
0.23,-10.74,-13.74
0.52,-11.9,-15.24
0.79,-11.89,-15.24
1.05,-11.82,-15.15
1.3,-11.73,-15.07
1.18,-8.88,-11.42
1.83,-11.69,-15.07
1.82,-10.17,-13.14
2.34,-11.6,-15.03
2.59,-11.54,-14.99
2.72,-10.97,-14.29
2.94,-10.84,-14.18
3.23,-10.97,-14.4
3.47,-10.9,-14.37
3.55,-10.38,-13.74
3.9,-10.66,-14.18
4.19,-10.74,-14.37
4.05,-9.77,-13.14
3.9,-8.87,-12.0
3.74,-8.04,-10.95
-4.37,-9.73,-12.73
-2.98,-7.02,-9.12
-2.17,-5.41,-7.0
-2.5,-6.63,-8.53
-2.11,-5.97,-7.64
-2.37,-7.17,-9.12
-2.15,-7.0,-8.87
-2.31,-8.11,-10.23
-2.22,-8.45,-10.62
-2.05,-8.56,-10.72
-1.93,-8.86,-11.05
-1.75,-8.96,-11.15
-1.57,-9.06,-11.24
-1.3,-8.54,-10.57
-1.18,-9.09,-11.24
-1.01,-9.26,-11.42
-0.81,-9.27,-11.42
-0.6,-9.13,-11.24
-0.34,-7.75,-9.53
-0.22,-9.69,-11.91
-0.01,-9.41,-11.56
0.19,-9.11,-11.19
0.4,-9.54,-11.74
0.62,-9.78,-12.04
0.78,-9.2,-11.33
1.0,-9.37,-11.56
1.22,-9.53,-11.78
1.42,-9.48,-11.74
1.58,-9.21,-11.42
1.78,-9.18,-11.42
1.12,-5.2,-6.49
1.77,-7.45,-9.33
2.27,-8.72,-10.96
2.56,-9.06,-11.42
2.29,-7.49,-9.48
2.88,-8.76,-11.15
2.99,-8.5,-10.86
3.27,-8.71,-11.19
3.47,-8.7,-11.24
3.2,-7.57,-9.83
3.24,-7.25,-9.48
-3.61,-8.37,-10.54
-2.83,-6.92,-8.66
-2.89,-7.5,-9.33
-2.24,-6.16,-7.62
-2.25,-6.6,-8.12
-2.11,-6.63,-8.12
-2.02,-6.82,-8.32
-1.9,-6.93,-8.41
-1.79,-7.07,-8.56
-1.77,-7.68,-9.25
-1.68,-7.99,-9.6
-1.41,-7.48,-8.95
-1.27,-7.58,-9.05
-1.15,-7.85,-9.35
-0.94,-7.49,-8.9
-0.83,-7.92,-9.4
-0.56,-6.69,-7.93
-0.49,-7.85,-9.3
-0.33,-7.82,-9.25
-0.16,-7.61,-9.0
-0.01,-7.61,-9.0
0.16,-7.99,-9.45
0.24,-6.05,-7.16
0.49,-8.02,-9.5
0.62,-7.59,-9.0
0.61,-5.94,-7.05
0.98,-7.91,-9.4
1.18,-8.19,-9.75
1.29,-7.83,-9.35
1.46,-7.85,-9.4
1.63,-7.87,-9.45
1.7,-7.43,-8.95
1.94,-7.74,-9.35
2.06,-7.58,-9.2
2.08,-7.06,-8.61
2.41,-7.64,-9.35
2.59,-7.64,-9.4
2.11,-5.86,-7.24
2.88,-7.52,-9.35
2.81,-6.92,-8.66
2.82,-6.57,-8.26
-3.22,-7.72,-9.37
-2.65,-6.72,-8.1
-2.3,-6.19,-7.43
-2.17,-6.19,-7.39
-1.94,-5.92,-7.03
-1.81,-5.89,-6.95
-1.87,-6.54,-7.69
-1.66,-6.28,-7.35
-1.56,-6.41,-7.47
-1.54,-6.94,-8.06
-1.16,-5.72,-6.62
-1.26,-6.94,-8.01
-1.15,-7.12,-8.2
-0.97,-6.89,-7.92
-0.86,-7.15,-8.2
-0.71,-7.04,-8.06
-0.56,-6.93,-7.92
-0.44,-7.18,-8.2
-0.28,-6.94,-7.92
-0.14,-6.9,-7.87
-0.01,-7.23,-8.25
0.11,-5.75,-6.56
0.28,-7.14,-8.15
0.4,-6.77,-7.73
0.45,-5.64,-6.45
0.66,-6.72,-7.69
0.75,-6.3,-7.22
0.98,-7.01,-8.06
1.12,-7.0,-8.06
1.27,-7.06,-8.15
1.38,-6.88,-7.96
1.47,-6.66,-7.73
1.29,-5.35,-6.24
1.74,-6.65,-7.78
1.96,-6.9,-8.1
2.01,-6.59,-7.78
2.29,-7.03,-8.34
2.41,-6.92,-8.25
2.37,-6.42,-7.69
2.49,-6.34,-7.65
2.7,-6.53,-7.92
-2.76,-6.85,-8.03
-2.28,-5.98,-6.97
-2.12,-5.89,-6.82
-2.09,-6.18,-7.12
-3.95,-12.48,-14.3
-1.64,-5.55,-6.33
-1.69,-6.14,-6.97
-1.6,-6.26,-7.08
-1.39,-5.91,-6.65
-1.34,-6.21,-6.97
-1.06,-5.43,-6.07
-1.08,-6.18,-6.89
-0.97,-6.23,-6.93
-0.9,-6.6,-7.32
-0.77,-6.61,-7.32
-0.61,-6.3,-6.97
-0.49,-6.28,-6.93
-0.38,-6.53,-7.2
-0.22,-5.51,-6.07
-0.13,-6.26,-6.89
-0.01,-6.43,-7.08
0.11,-5.73,-6.3
0.25,-6.61,-7.28
0.38,-6.68,-7.36
0.49,-6.49,-7.16
0.62,-6.52,-7.2
0.73,-6.4,-7.08
0.88,-6.53,-7.24
1.0,-6.51,-7.24
0.96,-5.5,-6.13
1.19,-6.13,-6.86
1.32,-6.21,-6.97
1.45,-6.22,-7.0
1.55,-6.13,-6.93
1.83,-6.68,-7.58
1.87,-6.35,-7.24
2.8,-8.89,-10.18
2.2,-6.55,-7.53
2.17,-6.08,-7.04
2.22,-5.86,-6.82
2.42,-6.04,-7.08
-2.56,-6.59,-7.47
-2.16,-5.88,-6.63
-1.87,-5.39,-6.04
-1.98,-6.07,-6.76
-1.82,-5.92,-6.56
-1.67,-5.82,-6.42
-1.56,-5.85,-6.42
-1.36,-5.5,-6.01
-3.64,-15.99,-17.41
-1.25,-5.99,-6.5
-1.19,-6.28,-6.79
-1.04,-6.15,-6.63
-0.84,-5.61,-6.03
-0.84,-6.4,-6.87
-0.76,-6.7,-7.17
-0.58,-6.17,-6.59
-0.48,-6.33,-6.76
-0.32,-5.67,-6.04
-0.24,-6.41,-6.83
-0.13,-6.48,-6.9
-0.01,-6.22,-6.63
0.11,-6.45,-6.87
0.24,-6.48,-6.9
0.34,-6.22,-6.63
0.46,-6.21,-6.63
0.53,-5.73,-6.13
0.7,-6.28,-6.72
0.88,-6.8,-7.3
0.93,-6.26,-6.72
1.12,-6.65,-7.17
1.19,-6.35,-6.87
1.27,-6.17,-6.69
1.42,-6.31,-6.87
1.35,-5.52,-6.03
1.73,-6.54,-7.17
1.71,-6.01,-6.63
1.83,-6.01,-6.66
2.0,-6.17,-6.87
1.91,-5.53,-6.19
2.07,-5.65,-6.36
6.5,-16.79,-19.02
-2.51,-6.66,-7.31
-2.16,-6.08,-6.63
-1.93,-5.75,-6.23
-1.83,-5.78,-6.23
-1.72,-5.81,-6.23
-1.74,-6.28,-6.7
-1.51,-5.86,-6.23
-1.44,-6.01,-6.36
-1.27,-5.75,-6.06
-1.19,-5.91,-6.21
-1.11,-6.07,-6.36
-0.99,-6.01,-6.28
-0.89,-6.11,-6.36
-0.78,-6.12,-6.36
-0.64,-5.86,-6.07
-0.56,-6.14,-6.36
-0.44,-6.03,-6.23
-0.34,-6.16,-6.36
-0.23,-6.27,-6.47
-0.12,-6.34,-6.53
-0.0,-5.93,-6.11
0.1,-6.04,-6.23
0.22,-6.16,-6.36
0.33,-6.18,-6.38
0.43,-5.99,-6.19
0.53,-5.9,-6.11
0.65,-6.08,-6.3
0.77,-6.12,-6.36
0.88,-6.11,-6.36
0.97,-5.97,-6.23
1.1,-6.07,-6.36
1.15,-5.78,-6.07
1.27,-5.81,-6.13
1.38,-5.83,-6.17
1.58,-6.18,-6.56
1.59,-5.76,-6.15
1.78,-6.03,-6.47
2.6,-8.25,-8.89
2.02,-6.06,-6.56
1.94,-5.49,-5.98
2.06,-5.49,-6.02
-2.22,-6.08,-6.47
-2.02,-5.84,-6.17
-1.94,-5.96,-6.27
-6.52,-21.26,-22.22
-1.65,-5.73,-5.96
-1.57,-5.83,-6.03
-1.59,-6.34,-6.53
-1.34,-5.79,-5.94
-1.24,-5.81,-5.94
-1.15,-5.88,-5.99
-1.04,-5.85,-5.94
-1.01,-6.33,-6.4
-0.84,-5.96,-6.01
-0.75,-6.06,-6.11
-0.62,-5.87,-5.9
-0.52,-5.92,-5.94
-0.43,-6.09,-6.11
-0.32,-6.08,-6.08
-0.22,-6.1,-6.11
-0.11,-5.96,-5.96
-0.0,-6.09,-6.08
0.1,-6.11,-6.11
0.2,-6.0,-6.0
0.31,-6.03,-6.03
0.42,-6.09,-6.11
0.51,-5.91,-5.93
0.62,-5.92,-5.95
0.74,-6.04,-6.08
0.87,-6.24,-6.29
0.93,-5.92,-5.99
1.05,-5.96,-6.05
1.22,-6.29,-6.41
1.32,-6.23,-6.37
1.37,-5.93,-6.08
1.49,-5.99,-6.17
1.58,-5.9,-6.11
1.75,-6.13,-6.38
1.81,-5.93,-6.2
1.87,-5.77,-6.07
2.05,-5.96,-6.29
2.02,-5.57,-5.92
-4.14,11.34,-12.09
-7.08,20.52,-21.74
-9.22,28.31,-29.82
-9.41,30.72,-32.17
-8.62,30.0,-31.26
-9.02,33.56,-34.79
-13.09,52.36,-54.04
-23.86,103.03,-105.9
-13.69,64.21,-65.74
-21.82,111.82,-114.08
-19.04,107.52,-109.34
-21.17,133.07,-134.93
-18.08,127.98,-129.43
-17.58,142.29,-143.57
-12.64,119.43,-120.27
-9.8,111.1,-111.69
-7.46,105.49,-105.9
-7.38,138.8,-139.19
-2.47,69.29,-69.43
-2.08,113.91,-114.08
-0.08,102.42,-102.56
2.34,140.42,-140.64
3.53,103.46,-103.67
6.73,130.43,-130.78
10.4,150.56,-151.13
11.87,137.05,-137.76
14.41,138.25,-139.19
15.0,123.04,-124.12
21.52,154.12,-155.83
15.93,101.17,-102.56
20.1,114.61,-116.52
28.08,145.17,-148.07
32.22,152.25,-155.83
33.82,147.09,-151.13
39.06,157.29,-162.29
40.14,150.35,-155.83
31.97,111.88,-116.52
41.79,137.15,-143.57
29.27,90.39,-95.14
49.5,144.22,-152.68
46.44,127.98,-136.34
-6.3,16.74,-18.4
-14.35,40.32,-44.05
-10.05,29.91,-32.49
-10.18,32.21,-34.79
-9.6,32.38,-34.79
-5.05,18.22,-19.49
-9.13,35.42,-37.7
-7.92,33.15,-35.14
-6.97,31.68,-33.45
-7.21,35.83,-37.7
-3.94,21.56,-22.61
-14.13,86.12,-90.05
-13.86,95.14,-99.23
-12.96,101.69,-105.81
-6.47,59.23,-61.51
-10.66,117.15,-121.46
-5.33,73.1,-75.68
-6.11,111.4,-115.21
-3.5,95.0,-98.17
-2.21,117.59,-121.46
-0.1,122.65,-126.67
2.02,117.59,-121.46
4.13,117.54,-121.46
6.59,123.78,-128.0
10.61,148.95,-154.19
12.63,141.32,-146.49
14.71,136.79,-142.03
17.89,142.26,-148.0
21.52,149.39,-155.77
23.96,147.49,-154.19
15.04,83.14,-87.18
29.55,148.09,-155.77
32.54,149.08,-157.37
26.89,113.42,-120.18
32.46,126.73,-134.85
40.54,147.23,-157.37
42.31,143.56,-154.19
33.54,106.72,-115.21
46.48,139.17,-151.07
50.51,142.67,-155.77
51.46,137.51,-151.07
-11.44,29.46,-33.44
-26.86,73.09,-82.45
-42.54,122.65,-137.55
-40.25,123.33,-137.55
-13.79,45.06,-50.0
-31.44,109.87,-121.32
-29.39,110.37,-121.32
-26.77,108.52,-118.79
-18.73,82.47,-89.93
-17.96,86.42,-93.9
-14.99,79.51,-86.11
-10.52,62.07,-67.02
-11.03,73.3,-78.94
-4.17,31.73,-34.1
-8.67,76.89,-82.45
-3.05,32.48,-34.77
-5.32,70.69,-75.57
-2.46,43.44,-46.39
-2.84,74.79,-79.8
-1.81,92.91,-99.1
-0.07,77.32,-82.45
0.99,55.73,-59.44
3.06,84.28,-89.93
4.29,78.06,-83.35
5.99,81.44,-87.05
5.35,58.01,-62.09
7.49,67.47,-72.34
8.55,65.89,-70.78
14.76,99.2,-106.82
12.54,74.73,-80.68
20.93,112.05,-121.32
21.83,105.94,-115.08
22.32,99.04,-107.96
30.78,125.71,-137.55
24.9,94.14,-103.44
29.02,102.07,-112.66
37.35,122.74,-136.13
37.22,114.7,-127.87
33.22,96.31,-107.96
48.44,132.51,-149.4
50.38,130.35,-147.88
-8.19,20.38,-23.92
-18.31,48.17,-56.2
