Time,LSensor,RSensor,NLSensor,NRSensor,LSpeed,RSpeed,
10.030, 333, 225, 675, 281, 30, 30,
10.030, 333, 226, 675, 287, 30, 30,
10.030, 333, 227, 675, 293, 30, 30,
10.030, 333, 228, 675, 300, 30, 30,
10.030, 333, 227, 675, 293, 30, 30,
10.030, 332, 228, 668, 300, 30, 30,
10.064, 333, 228, 675, 300, 30, 30,
10.064, 332, 230, 668, 312, 30, 30,
10.064, 333, 229, 675, 306, 30, 30,
10.064, 332, 229, 668, 306, 30, 30,
10.064, 332, 229, 668, 306, 30, 30,
10.064, 331, 229, 662, 306, 30, 30,
10.097, 330, 229, 655, 306, 30, 30,
10.097, 331, 229, 662, 306, 30, 30,
10.097, 330, 229, 655, 306, 30, 30,
10.097, 331, 230, 662, 312, 30, 30,
10.097, 330, 230, 655, 312, 30, 30,
10.097, 330, 230, 655, 312, 30, 30,
10.130, 330, 231, 655, 318, 30, 30,
10.130, 329, 231, 648, 318, 30, 30,
10.130, 330, 231, 655, 318, 30, 30,
10.130, 329, 231, 648, 318, 30, 30,
10.130, 328, 231, 641, 318, 30, 30,
10.130, 329, 231, 648, 318, 30, 30,
10.130, 329, 232, 648, 325, 30, 30,
10.163, 329, 232, 648, 325, 30, 30,
10.163, 327, 232, 634, 325, 30, 30,
10.163, 327, 231, 634, 318, 30, 30,
10.163, 326, 231, 627, 318, 30, 30,
10.163, 326, 231, 627, 318, 30, 30,
10.163, 324, 231, 613, 318, 30, 30,
10.196, 323, 232, 606, 325, 30, 30,
10.196, 322, 232, 600, 325, 30, 30,
10.196, 321, 232, 593, 325, 30, 30,
10.196, 321, 232, 593, 325, 30, 30,
10.196, 321, 233, 593, 331, 30, 30,
10.196, 320, 233, 586, 331, 30, 30,
10.229, 319, 233, 579, 331, 30, 30,
10.229, 318, 233, 572, 331, 30, 30,
10.229, 317, 234, 565, 337, 30, 30,
10.229, 317, 234, 565, 337, 30, 30,
10.229, 316, 234, 558, 337, 30, 30,
10.229, 315, 233, 551, 331, 30, 30,
10.262, 315, 233, 551, 331, 30, 30,
10.262, 314, 234, 544, 337, 30, 30,
10.262, 312, 235, 531, 343, 30, 30,
10.262, 312, 234, 531, 337, 30, 30,
10.262, 311, 235, 524, 343, 30, 30,
10.262, 311, 235, 524, 343, 30, 30,
10.296, 310, 236, 517, 350, 30, 30,
10.296, 308, 234, 503, 337, 30, 30,
10.296, 308, 235, 503, 343, 30, 30,
10.296, 308, 235, 503, 343, 30, 30,
10.296, 309, 236, 510, 350, 30, 30,
10.296, 307, 235, 496, 343, 30, 30,
10.329, 306, 236, 489, 350, 30, 30,
10.329, 308, 235, 503, 343, 30, 30,
10.329, 306, 236, 489, 350, 30, 30,
10.329, 307, 236, 496, 350, 30, 30,
10.329, 306, 238, 489, 362, 30, 30,
10.329, 307, 236, 496, 350, 30, 30,
10.329, 307, 235, 496, 343, 30, 30,
10.362, 307, 235, 496, 343, 30, 30,
10.362, 307, 234, 496, 337, 30, 30,
10.362, 306, 234, 489, 337, 30, 30,
10.362, 306, 235, 489, 343, 30, 30,
10.362, 306, 235, 489, 343, 30, 30,
10.395, 306, 235, 489, 343, 30, 30,
10.395, 305, 235, 482, 343, 30, 30,
10.395, 304, 234, 475, 337, 30, 30,
10.395, 303, 234, 468, 337, 30, 30,
10.395, 303, 235, 468, 343, 30, 30,
10.395, 303, 235, 468, 343, 30, 30,
10.395, 302, 235, 462, 343, 30, 30,
10.428, 302, 235, 462, 343, 30, 30,
10.428, 300, 234, 448, 337, 30, 30,
10.428, 300, 233, 448, 331, 30, 30,
10.428, 299, 234, 441, 337, 30, 30,
10.428, 299, 233, 441, 331, 30, 30,
10.428, 299, 234, 441, 337, 30, 30,
10.461, 298, 234, 434, 337, 30, 30,
10.461, 298, 235, 434, 343, 30, 30,
10.461, 298, 239, 434, 368, 30, 30,
10.461, 295, 240, 413, 375, 30, 30,
10.461, 296, 242, 420, 387, 30, 30,
10.461, 296, 243, 420, 393, 30, 30,
10.495, 295, 243, 413, 393, 30, 30,
10.495, 293, 243, 400, 393, 30, 30,
10.495, 293, 243, 400, 393, 30, 30,
10.495, 292, 243, 393, 393, 30, 30,
10.495, 292, 243, 393, 393, 30, 30,
10.495, 289, 240, 372, 375, 30, 30,
10.528, 288, 239, 365, 368, 30, 30,
10.528, 287, 239, 358, 368, 30, 30,
10.528, 286, 238, 351, 362, 30, 30,
10.528, 286, 238, 351, 362, 30, 30,
10.528, 287, 238, 358, 362, 30, 30,
10.528, 287, 238, 358, 362, 30, 30,
10.561, 287, 237, 358, 356, 30, 30,
10.561, 286, 237, 351, 356, 30, 30,
10.561, 285, 238, 344, 362, 30, 30,
10.561, 284, 240, 337, 375, 30, 30,
10.561, 284, 240, 337, 375, 30, 30,
10.561, 281, 241, 317, 381, 30, 30,
10.594, 277, 242, 289, 387, 60, 0,
10.594, 274, 241, 268, 381, 60, 0,
10.594, 275, 242, 275, 387, 60, 0,
10.594, 273, 244, 262, 400, 60, 0,
10.594, 273, 245, 262, 406, 60, 0,
10.594, 272, 246, 255, 412, 60, 0,
10.627, 270, 247, 241, 418, 60, 0,
10.627, 267, 250, 220, 437, 60, 0,
10.627, 269, 251, 234, 443, 60, 0,
10.627, 268, 252, 227, 450, 60, 0,
10.627, 268, 253, 227, 456, 60, 0,
10.627, 265, 251, 206, 443, 60, 0,
10.660, 265, 247, 206, 418, 60, 0,
10.660, 263, 246, 193, 412, 60, 0,
10.660, 264, 244, 200, 400, 60, 0,
10.660, 268, 243, 227, 393, 60, 0,
10.660, 271, 240, 248, 375, 60, 0,
10.660, 274, 238, 268, 362, 60, 0,
10.693, 277, 233, 289, 331, 60, 0,
10.693, 282, 228, 324, 300, 30, 30,
10.693, 281, 220, 317, 250, 30, 30,
10.693, 284, 217, 337, 231, 30, 30,
10.693, 287, 213, 358, 206, 30, 30,
10.693, 292, 209, 393, 181, 30, 30,
10.727, 299, 206, 441, 162, 30, 30,
10.727, 303, 204, 468, 150, 30, 30,
10.727, 308, 202, 503, 137, 30, 30,
10.727, 310, 201, 517, 131, 30, 30,
10.727, 315, 202, 551, 137, 30, 30,
10.727, 320, 201, 586, 131, 30, 30,
10.727, 324, 202, 613, 137, 30, 30,
10.760, 326, 200, 627, 125, 30, 30,
10.760, 326, 197, 627, 106, 30, 30,
10.760, 329, 195, 648, 93, 30, 30,
10.760, 330, 194, 655, 87, 30, 30,
10.760, 331, 195, 662, 93, 30, 30,
10.760, 334, 199, 682, 118, 30, 30,
10.793, 336, 198, 696, 112, 30, 30,
10.793, 335, 196, 689, 100, 0, 60,
10.793, 332, 193, 668, 81, 0, 60,
10.793, 331, 192, 662, 75, 0, 60,
10.793, 334, 195, 682, 93, 0, 60,
10.793, 337, 196, 703, 100, 0, 60,
10.826, 338, 194, 710, 87, 0, 60,
10.826, 341, 193, 731, 81, 0, 60,
10.826, 340, 192, 724, 75, 0, 60,
10.826, 341, 192, 731, 75, 0, 60,
10.826, 339, 194, 717, 87, 0, 60,
10.826, 334, 197, 682, 106, 0, 60,
10.859, 329, 201, 648, 131, 0, 60,
10.859, 324, 204, 613, 150, 0, 60,
10.859, 323, 207, 606, 168, 0, 60,
10.859, 320, 209, 586, 181, 0, 60,
10.859, 318, 214, 572, 212, 0, 60,
10.859, 315, 215, 551, 218, 0, 60,
10.859, 310, 218, 517, 237, 0, 60,
10.892, 304, 219, 475, 243, 0, 60,
10.892, 302, 219, 462, 243, 30, 30,
10.892, 296, 223, 420, 268, 30, 30,
10.892, 291, 228, 386, 300, 30, 30,
10.892, 287, 232, 358, 325, 30, 30,
10.892, 282, 238, 324, 362, 30, 30,
10.926, 278, 242, 296, 387, 30, 30,
10.926, 276, 243, 282, 393, 30, 30,
10.926, 271, 247, 248, 418, 30, 30,
10.926, 265, 251, 206, 443, 30, 30,
10.926, 266, 260, 213, 500, 30, 30,
10.926, 269, 267, 234, 543, 30, 30,
10.959, 261, 268, 179, 550, 30, 30,
10.959, 259, 270, 165, 562, 30, 30,
10.959, 252, 269, 117, 556, 30, 30,
10.959, 251, 274, 110, 587, 30, 30,
10.959, 252, 280, 117, 625, 30, 30,
10.959, 245, 278, 68, 612, 30, 30,
10.992, 251, 287, 110, 668, 30, 30,
10.992, 250, 287, 103, 668, 30, 30,
10.992, 253, 293, 124, 706, 60, 0,
10.992, 254, 299, 131, 743, 60, 0,
10.992, 247, 300, 82, 750, 60, 0,
10.992, 244, 302, 62, 762, 60, 0,
11.025, 242, 310, 48, 812, 60, 0,
11.025, 239, 314, 27, 837, 60, 0,
11.025, 238, 309, 20, 806, 60, 0,
11.025, 238, 303, 20, 768, 60, 0,
11.025, 239, 294, 27, 712, 60, 0,
11.025, 238, 291, 20, 693, 60, 0,
11.058, 234, 293, 0, 706, 60, 0,
11.058, 209, 269, 0, 556, 60, 0,
11.058, 215, 272, 0, 575, 60, 0,
11.058, 231, 289, 0, 681, 60, 0,
11.058, 252, 322, 117, 887, 60, 0,
11.058, 247, 336, 82, 975, 60, 0,
11.058, 261, 333, 179, 956, 60, 0,
11.091, 215, 279, 0, 618, 60, 0,
11.091, 220, 282, 0, 637, 60, 0,
11.091, 231, 275, 0, 593, 60, 0,
11.091, 242, 278, 48, 612, 60, 0,
11.091, 211, 242, 0, 387, 60, 0,
11.091, 257, 277, 151, 606, 60, 0,
11.125, 263, 276, 193, 600, 60, 0,
11.125, 274, 283, 268, 643, 60, 0,
11.125, 274, 274, 268, 587, 60, 0,
11.125, 269, 261, 234, 506, 60, 0,
11.125, 277, 262, 289, 512, 60, 0,
11.125, 291, 269, 386, 556, 60, 0,
11.158, 292, 260, 393, 500, 60, 0,
11.158, 293, 250, 400, 437, 60, 0,
11.158, 293, 239, 400, 368, 0, 60,
11.158, 299, 232, 441, 325, 0, 60,
11.158, 304, 226, 475, 287, 0, 60,
11.158, 310, 218, 517, 237, 0, 60,
11.191, 314, 211, 544, 193, 0, 60,
11.191, 318, 200, 572, 125, 0, 60,
11.191, 321, 193, 593, 81, 0, 60,
11.191, 323, 187, 606, 43, 30, 30,
11.191, 326, 184, 627, 25, 30, 30,
11.191, 317, 170, 565, 0, 30, 30,
11.224, 309, 160, 510, 0, 30, 30,
11.224, 281, 126, 317, 0, 30, 30,
11.224, 262, 98, 186, 0, 30, 30,
11.224, 299, 140, 441, 0, 30, 30,
11.224, 322, 165, 600, 0, 30, 30,
11.224, 382, 224, 1000, 275, 30, 30,
11.257, 325, 160, 620, 0, 30, 30,
11.257, 375, 215, 965, 218, 30, 30,
11.257, 366, 207, 903, 168, 30, 30,
11.257, 371, 209, 937, 181, 30, 30,
11.257, 360, 202, 862, 137, 30, 30,
11.257, 358, 199, 848, 118, 30, 30,
11.290, 365, 203, 896, 143, 30, 30,
11.290, 365, 204, 896, 150, 30, 30,
11.290, 360, 198, 862, 112, 30, 30,
11.290, 362, 198, 875, 112, 30, 30,
11.290, 362, 198, 875, 112, 0, 60,
11.290, 360, 200, 862, 125, 0, 60,
11.323, 362, 204, 875, 150, 0, 60,
11.323, 360, 203, 862, 143, 0, 60,
11.323, 353, 191, 813, 68, 0, 60,
11.323, 365, 205, 896, 156, 0, 60,
11.323, 370, 206, 931, 162, 0, 60,
11.323, 374, 203, 958, 143, 0, 60,
11.356, 374, 201, 958, 131, 0, 60,
11.356, 370, 197, 931, 106, 0, 60,
11.356, 366, 196, 903, 100, 0, 60,
11.356, 363, 189, 882, 56, 0, 60,
11.356, 355, 178, 827, 0, 0, 60,
11.356, 329, 150, 648, 0, 0, 60,
11.356, 333, 159, 675, 0, 0, 60,
11.390, 324, 157, 613, 0, 0, 60,
11.390, 321, 161, 593, 0, 0, 60,
11.390, 314, 164, 544, 0, 0, 60,
11.390, 310, 167, 517, 0, 0, 60,
11.390, 303, 167, 468, 0, 30, 30,
11.390, 303, 168, 468, 0, 30, 30,
11.423, 304, 175, 475, 0, 30, 30,
11.423, 301, 182, 455, 12, 30, 30,
11.423, 308, 194, 503, 87, 30, 30,
11.423, 300, 193, 448, 81, 30, 30,
11.423, 296, 201, 420, 131, 30, 30,
11.423, 291, 201, 386, 131, 30, 30,
11.423, 289, 206, 372, 162, 30, 30,
11.456, 287, 209, 358, 181, 30, 30,
11.456, 283, 214, 331, 212, 30, 30,
11.456, 279, 217, 303, 231, 30, 30,
11.456, 273, 217, 262, 231, 30, 30,
11.456, 264, 219, 200, 243, 30, 30,
11.456, 259, 223, 165, 268, 30, 30,
11.489, 255, 227, 137, 293, 30, 30,
11.489, 253, 232, 124, 325, 30, 30,
11.489, 247, 232, 82, 325, 30, 30,
11.489, 245, 231, 68, 318, 30, 30,
11.489, 243, 235, 55, 343, 30, 30,
11.489, 242, 240, 48, 375, 30, 30,
11.522, 241, 245, 41, 406, 30, 30,
11.522, 241, 251, 41, 443, 30, 30,
11.522, 240, 258, 34, 487, 30, 30,
11.522, 238, 260, 20, 500, 30, 30,
11.522, 237, 264, 13, 525, 30, 30,
11.522, 238, 265, 20, 531, 30, 30,
11.555, 236, 270, 6, 562, 30, 30,
11.555, 233, 274, 0, 587, 30, 30,
11.555, 229, 278, 0, 612, 30, 30,
11.555, 226, 275, 0, 593, 30, 30,
11.555, 227, 275, 0, 593, 30, 30,
11.555, 232, 284, 0, 650, 30, 30,
11.589, 231, 290, 0, 687, 30, 30,
11.589, 229, 292, 0, 700, 30, 30,
11.589, 228, 290, 0, 687, 30, 30,
11.589, 226, 293, 0, 706, 30, 30,
11.589, 224, 302, 0, 762, 30, 30,
11.589, 224, 305, 0, 781, 60, 0,
11.622, 224, 303, 0, 768, 60, 0,
11.622, 225, 306, 0, 787, 60, 0,
11.622, 223, 309, 0, 806, 60, 0,
11.622, 224, 312, 0, 825, 60, 0,
11.622, 220, 314, 0, 837, 60, 0,
11.622, 215, 311, 0, 818, 60, 0,
11.655, 213, 307, 0, 793, 60, 0,
11.655, 212, 307, 0, 793, 60, 0,
11.655, 217, 309, 0, 806, 60, 0,
11.655, 230, 314, 0, 837, 60, 0,
11.655, 201, 289, 0, 681, 60, 0,
11.655, 230, 308, 0, 800, 60, 0,
11.688, 202, 286, 0, 662, 60, 0,
11.688, 183, 273, 0, 581, 60, 0,
11.688, 174, 262, 0, 512, 60, 0,
11.688, 186, 267, 0, 543, 60, 0,
11.688, 196, 271, 0, 568, 60, 0,
11.688, 205, 277, 0, 606, 60, 0,
11.721, 200, 272, 0, 575, 30, 30,
11.721, 187, 255, 0, 468, 30, 30,
11.721, 185, 246, 0, 412, 30, 30,
11.721, 184, 239, 0, 368, 30, 30,
11.721, 189, 240, 0, 375, 30, 30,
11.721, 198, 246, 0, 412, 30, 30,
11.754, 197, 238, 0, 362, 30, 30,
11.754, 194, 230, 0, 312, 30, 30,
11.754, 192, 229, 0, 306, 30, 30,
11.754, 192, 227, 0, 293, 30, 30,
11.754, 190, 226, 0, 287, 30, 30,
11.754, 187, 223, 0, 268, 30, 30,
11.754, 188, 224, 0, 275, 30, 30,
11.788, 182, 219, 0, 243, 30, 30,
11.788, 191, 221, 0, 256, 30, 30,
11.788, 192, 218, 0, 237, 30, 30,
11.788, 206, 232, 0, 325, 30, 30,
11.788, 218, 245, 0, 406, 30, 30,
11.788, 236, 265, 6, 531, 30, 30,
11.821, 232, 261, 0, 506, 30, 30,
11.821, 235, 264, 0, 525, 30, 30,
11.821, 239, 269, 27, 556, 30, 30,
11.821, 238, 269, 20, 556, 30, 30,
11.821, 239, 266, 27, 537, 30, 30,
11.821, 240, 268, 34, 550, 30, 30,
11.821, 243, 268, 55, 550, 30, 30,
11.854, 245, 266, 68, 537, 30, 30,
11.854, 246, 264, 75, 525, 30, 30,
11.854, 245, 264, 68, 525, 30, 30,
11.854, 244, 265, 62, 531, 30, 30,
11.854, 242, 267, 48, 543, 30, 30,
11.854, 244, 267, 62, 543, 30, 30,
11.887, 246, 264, 75, 525, 30, 30,
11.887, 249, 264, 96, 525, 30, 30,
11.887, 247, 264, 82, 525, 30, 30,
11.887, 244, 261, 62, 506, 30, 30,
11.887, 243, 256, 55, 475, 30, 30,
11.887, 244, 258, 62, 487, 30, 30,
11.920, 244, 258, 62, 487, 30, 30,
11.920, 243, 259, 55, 493, 30, 30,
11.920, 242, 259, 48, 493, 30, 30,
11.920, 240, 261, 34, 506, 30, 30,
11.920, 238, 259, 20, 493, 30, 30,
11.920, 238, 257, 20, 481, 30, 30,
11.953, 236, 258, 6, 487, 30, 30,
11.953, 237, 259, 13, 493, 30, 30,
11.953, 246, 267, 75, 543, 30, 30,
11.953, 244, 269, 62, 556, 30, 30,
11.953, 251, 270, 110, 562, 30, 30,
11.953, 250, 271, 103, 568, 30, 30,
11.986, 258, 278, 158, 612, 30, 30,
11.986, 254, 275, 131, 593, 30, 30,
11.986, 248, 270, 89, 562, 30, 30,
11.986, 245, 268, 68, 550, 30, 30,
11.986, 244, 270, 62, 562, 30, 30,
11.986, 247, 271, 82, 568, 30, 30,
12.020, 250, 272, 103, 575, 30, 30,
12.020, 250, 272, 103, 575, 60, 0,
12.020, 252, 274, 117, 587, 60, 0,
12.020, 254, 275, 131, 593, 60, 0,
12.020, 244, 267, 62, 543, 60, 0,
12.020, 251, 273, 110, 581, 60, 0,
12.053, 246, 272, 75, 575, 60, 0,
12.053, 243, 267, 55, 543, 60, 0,
12.053, 245, 268, 68, 550, 60, 0,
12.053, 235, 260, 0, 500, 60, 0,
12.053, 242, 263, 48, 518, 60, 0,
12.053, 251, 271, 110, 568, 60, 0,
12.086, 228, 248, 0, 425, 60, 0,
12.086, 229, 244, 0, 400, 60, 0,
12.086, 226, 227, 0, 293, 60, 0,
12.086, 252, 244, 117, 400, 60, 0,
12.086, 291, 270, 386, 562, 60, 0,
12.086, 292, 265, 393, 531, 60, 0,
12.086, 287, 251, 358, 443, 60, 0,
12.119, 300, 255, 448, 468, 60, 0,
12.119, 302, 250, 462, 437, 30, 30,
12.119, 313, 250, 537, 437, 30, 30,
12.119, 313, 239, 537, 368, 30, 30,
12.119, 303, 210, 468, 187, 30, 30,
12.152, 324, 218, 613, 237, 30, 30,
12.152, 333, 213, 675, 206, 30, 30,
12.152, 333, 206, 675, 162, 30, 30,
12.152, 331, 196, 662, 100, 30, 30,
12.152, 333, 193, 675, 81, 30, 30,
12.152, 337, 187, 703, 43, 30, 30,
12.152, 340, 183, 724, 18, 30, 30,
12.186, 344, 181, 751, 6, 30, 30,
12.186, 346, 179, 765, 0, 30, 30,
12.186, 345, 177, 758, 0, 30, 30,
12.186, 347, 177, 772, 0, 30, 30,
12.186, 366, 208, 903, 175, 30, 30,
12.186, 373, 214, 951, 212, 30, 30,
12.219, 369, 204, 924, 150, 30, 30,
12.219, 382, 220, 1000, 250, 30, 30,
12.219, 380, 209, 1000, 181, 0, 60,
12.219, 387, 214, 1000, 212, 0, 60,
12.219, 382, 204, 1000, 150, 0, 60,
12.219, 387, 200, 1000, 125, 0, 60,
12.252, 384, 198, 1000, 112, 0, 60,
12.252, 375, 199, 965, 118, 0, 60,
12.252, 371, 198, 937, 112, 0, 60,
12.252, 372, 196, 944, 100, 0, 60,
12.252, 373, 192, 951, 75, 0, 60,
12.252, 369, 187, 924, 43, 0, 60,
12.285, 370, 186, 931, 37, 0, 60,
12.285, 373, 191, 951, 68, 0, 60,
12.285, 376, 194, 972, 87, 0, 60,
12.285, 375, 193, 965, 81, 0, 60,
12.285, 390, 215, 1000, 218, 0, 60,
12.285, 371, 189, 937, 56, 0, 60,
12.318, 370, 190, 931, 62, 0, 60,
12.318, 369, 197, 924, 106, 0, 60,
12.318, 363, 190, 882, 62, 0, 60,
12.318, 347, 164, 772, 0, 30, 30,
12.318, 352, 163, 806, 0, 30, 30,
12.318, 363, 177, 882, 0, 30, 30,
12.318, 366, 177, 903, 0, 30, 30,
12.351, 372, 180, 944, 0, 30, 30,
12.351, 356, 167, 834, 0, 30, 30,
12.351, 358, 170, 848, 0, 30, 30,
12.351, 369, 185, 924, 31, 30, 30,
12.351, 372, 188, 944, 50, 30, 30,
12.351, 375, 192, 965, 75, 30, 30,
12.384, 369, 189, 924, 56, 30, 30,
12.384, 373, 187, 951, 43, 30, 30,
12.384, 377, 187, 979, 43, 30, 30,
12.384, 379, 190, 993, 62, 30, 30,
12.384, 372, 193, 944, 81, 30, 30,
12.384, 370, 193, 931, 81, 30, 30,
12.418, 368, 189, 917, 56, 30, 30,
12.418, 367, 188, 910, 50, 30, 30,
12.418, 365, 187, 896, 43, 30, 30,
12.418, 368, 188, 917, 50, 0, 60,
12.418, 367, 187, 910, 43, 0, 60,
12.418, 366, 183, 903, 18, 0, 60,
12.451, 366, 179, 903, 0, 0, 60,
12.451, 362, 179, 875, 0, 0, 60,
12.451, 365, 178, 896, 0, 0, 60,
12.451, 366, 177, 903, 0, 0, 60,
12.451, 366, 178, 903, 0, 0, 60,
12.451, 365, 177, 896, 0, 0, 60,
12.451, 365, 179, 896, 0, 0, 60,
12.484, 358, 168, 848, 0, 0, 60,
12.484, 359, 168, 855, 0, 0, 60,
12.484, 358, 167, 848, 0, 0, 60,
12.484, 356, 167, 834, 0, 0, 60,
12.484, 358, 171, 848, 0, 0, 60,
12.484, 372, 186, 944, 37, 0, 60,
12.517, 372, 189, 944, 56, 0, 60,
12.517, 382, 205, 1000, 156, 0, 60,
12.517, 392, 220, 1000, 250, 0, 60,
12.517, 378, 212, 986, 200, 30, 30,
12.517, 370, 202, 931, 137, 30, 30,
12.517, 381, 203, 1000, 143, 30, 30,
12.550, 382, 201, 1000, 131, 30, 30,
12.550, 380, 204, 1000, 150, 30, 30,
12.550, 378, 210, 986, 187, 30, 30,
12.550, 364, 201, 889, 131, 30, 30,
12.550, 362, 203, 875, 143, 30, 30,
12.550, 354, 192, 820, 75, 30, 30,
12.583, 361, 194, 868, 87, 30, 30,
12.583, 362, 198, 875, 112, 30, 30,
12.583, 357, 200, 841, 125, 30, 30,
12.583, 353, 198, 813, 112, 30, 30,
12.583, 352, 195, 806, 93, 30, 30,
12.583, 349, 189, 786, 56, 30, 30,
12.616, 348, 187, 779, 43, 30, 30,
12.616, 350, 188, 793, 50, 30, 30,
12.616, 345, 184, 758, 25, 30, 30,
12.616, 337, 176, 703, 0, 30, 30,
12.616, 337, 178, 703, 0, 30, 30,
12.616, 337, 183, 703, 18, 30, 30,
12.650, 326, 171, 627, 0, 30, 30,
12.650, 330, 172, 655, 0, 30, 30,
12.650, 331, 174, 662, 0, 30, 30,
12.650, 327, 171, 634, 0, 30, 30,
12.650, 327, 166, 634, 0, 30, 30,
12.650, 333, 172, 675, 0, 30, 30,
12.683, 335, 174, 689, 0, 30, 30,
12.683, 336, 171, 696, 0, 30, 30,
12.683, 338, 180, 710, 0, 30, 30,
12.683, 332, 182, 668, 12, 30, 30,
12.683, 331, 184, 662, 25, 30, 30,
12.683, 346, 189, 765, 56, 30, 30,
12.716, 338, 177, 710, 0, 30, 30,
12.716, 335, 177, 689, 0, 30, 30,
12.716, 339, 180, 717, 0, 30, 30,
12.716, 348, 184, 779, 25, 30, 30,
12.716, 347, 185, 772, 31, 30, 30,
12.716, 344, 188, 751, 50, 30, 30,
12.749, 347, 186, 772, 37, 30, 30,
12.749, 349, 183, 786, 18, 30, 30,
12.749, 350, 182, 793, 12, 30, 30,
12.749, 347, 185, 772, 31, 30, 30,
12.749, 344, 187, 751, 43, 30, 30,
12.749, 348, 190, 779, 62, 30, 30,
12.749, 345, 199, 758, 118, 30, 30,
12.782, 337, 200, 703, 125, 30, 30,
12.782, 336, 199, 696, 118, 30, 30,
12.782, 344, 196, 751, 100, 30, 30,
12.782, 344, 185, 751, 31, 30, 30,
12.782, 346, 185, 765, 31, 30, 30,
12.782, 345, 186, 758, 37, 30, 30,
12.815, 340, 185, 724, 31, 30, 30,
12.815, 338, 187, 710, 43, 30, 30,
12.815, 340, 187, 724, 43, 30, 30,
12.815, 340, 187, 724, 43, 30, 30,
12.815, 346, 187, 765, 43, 30, 30,
12.815, 347, 187, 772, 43, 0, 60,
12.848, 346, 186, 765, 37, 0, 60,
12.848, 347, 185, 772, 31, 0, 60,
12.848, 346, 187, 765, 43, 0, 60,
12.848, 346, 183, 765, 18, 0, 60,
12.848, 344, 180, 751, 0, 0, 60,
12.848, 344, 181, 751, 6, 0, 60,
12.848, 347, 182, 772, 12, 0, 60,
12.882, 345, 186, 758, 37, 0, 60,
12.882, 347, 190, 772, 62, 0, 60,
12.882, 350, 189, 793, 56, 0, 60,
12.882, 351, 187, 800, 43, 0, 60,
12.882, 344, 179, 751, 0, 0, 60,
12.882, 335, 171, 689, 0, 0, 60,
12.915, 385, 212, 1000, 200, 0, 60,
12.915, 363, 215, 882, 218, 0, 60,
12.915, 331, 180, 662, 0, 0, 60,
12.915, 310, 157, 517, 0, 0, 60,
12.915, 310, 160, 517, 0, 0, 60,
12.915, 309, 167, 510, 0, 30, 30,
12.948, 300, 169, 448, 0, 30, 30,
12.948, 297, 174, 427, 0, 30, 30,
12.948, 298, 177, 434, 0, 30, 30,
12.948, 297, 176, 427, 0, 30, 30,
12.948, 294, 174, 406, 0, 30, 30,
12.948, 287, 173, 358, 0, 30, 30,
12.981, 282, 175, 324, 0, 30, 30,
12.981, 279, 180, 303, 0, 30, 30,
12.981, 280, 183, 310, 18, 30, 30,
12.981, 280, 183, 310, 18, 30, 30,
12.981, 278, 182, 296, 12, 30, 30,
12.981, 276, 185, 282, 31, 30, 30,
13.014, 281, 197, 317, 106, 30, 30,
13.014, 292, 216, 393, 225, 30, 30,
13.014, 298, 226, 434, 287, 30, 30,
13.014, 301, 225, 455, 281, 30, 30,
13.014, 301, 221, 455, 256, 30, 30,
13.014, 299, 222, 441, 262, 30, 30,
13.047, 296, 226, 420, 287, 30, 30,
13.047, 302, 233, 462, 331, 30, 30,
13.047, 309, 234, 510, 337, 30, 30,
13.047, 311, 228, 524, 300, 30, 30,
13.047, 308, 216, 503, 225, 30, 30,
13.047, 315, 212, 551, 200, 30, 30,
13.080, 322, 205, 600, 156, 30, 30,
13.080, 325, 196, 620, 100, 30, 30,
13.080, 329, 202, 648, 137, 30, 30,
13.080, 329, 201, 648, 131, 30, 30,
13.080, 333, 200, 675, 125, 30, 30,
13.080, 336, 201, 696, 131, 30, 30,
13.114, 338, 201, 710, 131, 30, 30,
13.114, 345, 202, 758, 137, 30, 30,
13.114, 348, 196, 779, 100, 30, 30,
13.114, 349, 197, 786, 106, 30, 30,
13.114, 351, 196, 800, 100, 30, 30,
13.114, 357, 198, 841, 112, 30, 30,
13.114, 362, 199, 875, 118, 30, 30,
13.147, 360, 191, 862, 68, 0, 60,
13.147, 366, 190, 903, 62, 0, 60,
13.147, 372, 194, 944, 87, 0, 60,
13.147, 373, 192, 951, 75, 0, 60,
13.147, 383, 198, 1000, 112, 0, 60,
13.147, 390, 205, 1000, 156, 0, 60,
13.180, 393, 208, 1000, 175, 0, 60,
13.180, 390, 206, 1000, 162, 0, 60,
13.180, 391, 201, 1000, 131, 0, 60,
13.180, 392, 197, 1000, 106, 0, 60,
13.180, 390, 195, 1000, 93, 0, 60,
13.180, 389, 193, 1000, 81, 0, 60,
13.213, 392, 194, 1000, 87, 0, 60,
13.213, 392, 191, 1000, 68, 0, 60,
13.213, 391, 188, 1000, 50, 0, 60,
13.213, 390, 183, 1000, 18, 0, 60,
13.213, 391, 181, 1000, 6, 0, 60,
13.213, 389, 184, 1000, 25, 0, 60,
13.246, 387, 187, 1000, 43, 0, 60,
13.246, 388, 185, 1000, 31, 0, 60,
13.246, 389, 180, 1000, 0, 0, 60,
13.246, 387, 179, 1000, 0, 0, 60,
13.246, 384, 178, 1000, 0, 0, 60,
13.246, 381, 182, 1000, 12, 0, 60,
13.279, 380, 183, 1000, 18, 0, 60,
13.279, 380, 183, 1000, 18, 0, 60,
13.279, 379, 183, 993, 18, 0, 60,
13.279, 375, 187, 965, 43, 0, 60,
13.279, 366, 177, 903, 0, 0, 60,
13.279, 364, 174, 889, 0, 0, 60,
13.313, 360, 174, 862, 0, 0, 60,
13.313, 359, 174, 855, 0, 0, 60,
13.313, 356, 175, 834, 0, 0, 60,
13.313, 353, 182, 813, 12, 0, 60,
13.313, 346, 181, 765, 6, 0, 60,
13.313, 344, 184, 751, 25, 0, 60,
13.313, 343, 193, 744, 81, 0, 60,
13.346, 342, 197, 737, 106, 0, 60,
13.346, 339, 199, 717, 118, 30, 30,
13.346, 334, 200, 682, 125, 30, 30,
13.346, 326, 207, 627, 168, 30, 30,
13.346, 319, 218, 579, 237, 30, 30,
13.346, 309, 224, 510, 275, 30, 30,
13.379, 299, 228, 441, 300, 30, 30,
13.379, 291, 230, 386, 312, 30, 30,
13.379, 288, 234, 365, 337, 30, 30,
13.379, 284, 241, 337, 381, 30, 30,
13.379, 282, 247, 324, 418, 30, 30,
13.379, 280, 248, 310, 425, 30, 30,
13.412, 276, 243, 282, 393, 30, 30,
13.412, 275, 248, 275, 425, 30, 30,
13.412, 269, 251, 234, 443, 30, 30,
13.412, 265, 253, 206, 456, 30, 30,
13.412, 261, 256, 179, 475, 30, 30,
13.412, 262, 260, 186, 500, 30, 30,
13.445, 248, 245, 89, 406, 30, 30,
13.445, 256, 251, 144, 443, 30, 30,
13.445, 275, 273, 275, 581, 30, 30,
13.445, 264, 270, 200, 562, 30, 30,
13.445, 265, 277, 206, 606, 30, 30,
13.445, 260, 275, 172, 593, 30, 30,
13.478, 257, 275, 151, 593, 30, 30,
13.478, 253, 280, 124, 625, 30, 30,
13.478, 244, 278, 62, 612, 30, 30,
13.478, 226, 263, 0, 518, 30, 30,
13.478, 226, 267, 0, 543, 30, 30,
13.478, 223, 270, 0, 562, 30, 30,
13.478, 224, 276, 0, 600, 30, 30,
13.511, 224, 276, 0, 600, 30, 30,
13.511, 222, 273, 0, 581, 30, 30,
13.511, 221, 274, 0, 587, 30, 30,
13.511, 222, 273, 0, 581, 30, 30,
13.511, 222, 272, 0, 575, 30, 30,
13.511, 221, 274, 0, 587, 30, 30,
13.544, 219, 275, 0, 593, 30, 30,
13.544, 219, 277, 0, 606, 30, 30,
13.544, 220, 281, 0, 631, 60, 0,
13.544, 220, 283, 0, 643, 60, 0,
13.544, 217, 283, 0, 643, 60, 0,
13.544, 216, 283, 0, 643, 60, 0,
13.578, 213, 285, 0, 656, 60, 0,
13.578, 209, 287, 0, 668, 60, 0,
13.578, 206, 287, 0, 668, 60, 0,
13.578, 204, 286, 0, 662, 60, 0,
13.578, 207, 287, 0, 668, 60, 0,
13.578, 211, 284, 0, 650, 60, 0,
13.611, 213, 285, 0, 656, 60, 0,
13.611, 213, 284, 0, 650, 60, 0,
13.611, 214, 278, 0, 612, 60, 0,
13.611, 258, 323, 158, 893, 60, 0,
13.611, 245, 284, 68, 650, 60, 0,
13.611, 256, 288, 144, 675, 60, 0,
13.644, 306, 316, 489, 850, 60, 0,
13.644, 249, 269, 96, 556, 60, 0,
13.644, 275, 289, 275, 681, 60, 0,
13.644, 263, 266, 193, 537, 30, 30,
13.644, 272, 272, 255, 575, 30, 30,
13.644, 267, 251, 220, 443, 30, 30,
13.677, 289, 264, 372, 525, 30, 30,
13.677, 285, 259, 344, 493, 30, 30,
13.677, 310, 262, 517, 512, 30, 30,
13.677, 295, 238, 413, 362, 30, 30,
13.677, 320, 252, 586, 450, 30, 30,
13.677, 306, 229, 489, 306, 30, 30,
13.710, 310, 223, 517, 268, 30, 30,
13.710, 311, 209, 524, 181, 30, 30,
13.710, 327, 221, 634, 256, 30, 30,
13.710, 293, 177, 400, 0, 30, 30,
13.710, 286, 164, 351, 0, 30, 30,
13.710, 286, 167, 351, 0, 30, 30,
13.743, 295, 171, 413, 0, 30, 30,
13.743, 352, 247, 806, 418, 30, 30,
13.743, 346, 232, 765, 325, 30, 30,
13.743, 337, 235, 703, 343, 30, 30,
13.743, 327, 211, 634, 193, 0, 60,
13.743, 342, 223, 737, 268, 0, 60,
13.777, 341, 216, 731, 225, 0, 60,
13.777, 342, 212, 737, 200, 0, 60,
13.777, 345, 210, 758, 187, 0, 60,
13.777, 346, 212, 765, 200, 0, 60,
13.777, 348, 212, 779, 200, 0, 60,
13.777, 349, 210, 786, 187, 0, 60,
13.777, 348, 210, 779, 187, 0, 60,
13.810, 345, 210, 758, 187, 0, 60,
13.810, 344, 212, 751, 200, 0, 60,
13.810, 347, 216, 772, 225, 0, 60,
13.810, 347, 222, 772, 262, 0, 60,
13.810, 339, 219, 717, 243, 0, 60,
13.810, 334, 218, 682, 237, 0, 60,
13.843, 328, 209, 641, 181, 0, 60,
13.843, 323, 213, 606, 206, 0, 60,
13.843, 318, 217, 572, 231, 0, 60,
13.843, 313, 220, 537, 250, 0, 60,
13.843, 313, 223, 537, 268, 30, 30,
13.843, 314, 228, 544, 300, 30, 30,
13.876, 310, 227, 517, 293, 30, 30,
13.876, 304, 225, 475, 281, 30, 30,
13.876, 300, 230, 448, 312, 30, 30,
13.876, 299, 243, 441, 393, 30, 30,
13.876, 299, 255, 441, 468, 30, 30,
13.876, 297, 260, 427, 500, 30, 30,
13.909, 294, 258, 406, 487, 30, 30,
13.909, 290, 259, 379, 493, 30, 30,
13.909, 283, 261, 331, 506, 30, 30,
13.909, 282, 262, 324, 512, 30, 30,
13.909, 278, 263, 296, 518, 30, 30,
13.909, 273, 262, 262, 512, 30, 30,
13.909, 276, 262, 282, 512, 30, 30,
13.942, 274, 261, 268, 506, 30, 30,
13.942, 270, 261, 241, 506, 30, 30,
13.942, 272, 262, 255, 512, 30, 30,
13.942, 274, 261, 268, 506, 30, 30,
13.942, 274, 262, 268, 512, 30, 30,
13.942, 270, 267, 241, 543, 30, 30,
13.975, 272, 271, 255, 568, 30, 30,
13.975, 276, 274, 282, 587, 30, 30,
13.975, 282, 273, 324, 581, 30, 30,
13.975, 283, 272, 331, 575, 30, 30,
13.975, 279, 265, 303, 531, 30, 30,
13.975, 276, 260, 282, 500, 30, 30,
14.009, 275, 262, 275, 512, 30, 30,
14.009, 274, 268, 268, 550, 30, 30,
14.009, 271, 272, 248, 575, 30, 30,
14.009, 267, 273, 220, 581, 30, 30,
14.009, 265, 276, 206, 600, 30, 30,
14.009, 263, 276, 193, 600, 30, 30,
14.042, 259, 275, 165, 593, 30, 30,
14.042, 256, 274, 144, 587, 30, 30,
14.042, 257, 277, 151, 606, 30, 30,
14.042, 261, 281, 179, 631, 30, 30,
14.042, 266, 285, 213, 656, 30, 30,
14.042, 263, 284, 193, 650, 60, 0,
14.075, 263, 286, 193, 662, 60, 0,
14.075, 263, 288, 193, 675, 60, 0,
14.075, 263, 290, 193, 687, 60, 0,
14.075, 261, 289, 179, 681, 60, 0,
14.075, 259, 291, 165, 693, 60, 0,
14.075, 260, 293, 172, 706, 60, 0,
14.108, 259, 292, 165, 700, 60, 0,
14.108, 258, 290, 158, 687, 60, 0,
14.108, 256, 292, 144, 700, 60, 0,
14.108, 258, 286, 158, 662, 60, 0,
14.108, 253, 274, 124, 587, 60, 0,
14.108, 268, 274, 227, 587, 60, 0,
14.141, 266, 268, 213, 550, 60, 0,
14.141, 271, 261, 248, 506, 60, 0,
14.141, 275, 263, 275, 518, 60, 0,
14.141, 217, 194, 0, 87, 60, 0,
14.141, 273, 240, 262, 375, 60, 0,
14.141, 264, 218, 200, 237, 60, 0,
14.174, 278, 232, 296, 325, 30, 30,
14.174, 287, 227, 358, 293, 30, 30,
14.174, 288, 224, 365, 275, 30, 30,
14.174, 292, 223, 393, 268, 30, 30,
14.174, 313, 236, 537, 350, 30, 30,
14.174, 309, 226, 510, 287, 30, 30,
14.207, 306, 194, 489, 87, 30, 30,
14.207, 311, 199, 524, 118, 30, 30,
14.207, 362, 245, 875, 406, 30, 30,
14.207, 343, 210, 744, 187, 30, 30,
14.207, 336, 192, 696, 75, 30, 30,
14.207, 324, 173, 613, 0, 30, 30,
14.207, 323, 166, 606, 0, 30, 30,
14.241, 316, 151, 558, 0, 30, 30,
14.241, 296, 119, 420, 0, 30, 30,
14.241, 288, 103, 365, 0, 30, 30,
14.241, 300, 122, 448, 0, 30, 30,
14.241, 304, 127, 475, 0, 30, 30,
14.241, 312, 134, 531, 0, 30, 30,
14.274, 346, 164, 765, 0, 0, 60,
14.274, 334, 146, 682, 0, 0, 60,
14.274, 340, 145, 724, 0, 0, 60,
14.274, 343, 146, 744, 0, 0, 60,
14.274, 345, 144, 758, 0, 0, 60,
14.274, 346, 143, 765, 0, 0, 60,
14.307, 348, 143, 779, 0, 0, 60,
14.307, 352, 142, 806, 0, 0, 60,
14.307, 355, 141, 827, 0, 0, 60,
14.307, 358, 150, 848, 0, 0, 60,
14.307, 396, 189, 1000, 56, 0, 60,
14.307, 382, 185, 1000, 31, 0, 60,
14.340, 384, 188, 1000, 50, 0, 60,
14.340, 392, 200, 1000, 125, 0, 60,
14.340, 388, 196, 1000, 100, 0, 60,
14.340, 380, 189, 1000, 56, 0, 60,
14.340, 374, 187, 958, 43, 0, 60,
14.340, 378, 189, 986, 56, 0, 60,
14.373, 396, 207, 1000, 168, 0, 60,
14.373, 392, 206, 1000, 162, 0, 60,
14.373, 388, 213, 1000, 206, 0, 60,
14.373, 381, 214, 1000, 212, 0, 60,
14.373, 381, 219, 1000, 243, 0, 60,
14.373, 382, 223, 1000, 268, 0, 60,
14.406, 376, 215, 972, 218, 0, 60,
14.406, 374, 212, 958, 200, 0, 60,
14.406, 369, 214, 924, 212, 0, 60,
14.406, 366, 216, 903, 225, 0, 60,
14.406, 368, 227, 917, 293, 0, 60,
14.406, 356, 218, 834, 237, 0, 60,
14.406, 352, 221, 806, 256, 0, 60,
14.440, 348, 214, 779, 212, 0, 60,
14.440, 353, 219, 813, 243, 0, 60,
14.440, 351, 226, 800, 287, 0, 60,
14.440, 342, 231, 737, 318, 0, 60,
14.440, 338, 237, 710, 356, 0, 60,
14.440, 334, 241, 682, 381, 0, 60,
14.473, 327, 246, 634, 412, 0, 60,
14.473, 317, 251, 565, 443, 30, 30,
14.473, 310, 253, 517, 456, 30, 30,
14.473, 290, 236, 379, 350, 30, 30,
14.473, 289, 240, 372, 375, 30, 30,
14.473, 289, 248, 372, 425, 30, 30,
14.506, 289, 257, 372, 481, 30, 30,
14.506, 286, 262, 351, 512, 30, 30,
14.506, 282, 270, 324, 562, 30, 30,
14.506, 277, 270, 289, 562, 30, 30,
14.506, 273, 269, 262, 556, 30, 30,
14.506, 266, 274, 213, 587, 30, 30,
14.539, 265, 280, 206, 625, 30, 30,
14.539, 264, 279, 200, 618, 30, 30,
14.539, 261, 277, 179, 606, 30, 30,
14.539, 257, 279, 151, 618, 30, 30,
14.539, 254, 283, 131, 643, 30, 30,
14.539, 253, 291, 124, 693, 30, 30,
14.539, 252, 294, 117, 712, 30, 30,
14.572, 250, 293, 103, 706, 30, 30,
14.572, 247, 297, 82, 731, 60, 0,
14.572, 246, 304, 75, 775, 60, 0,
14.572, 246, 306, 75, 787, 60, 0,
14.572, 245, 307, 68, 793, 60, 0,
14.572, 244, 311, 62, 818, 60, 0,
14.605, 241, 309, 41, 806, 60, 0,
14.605, 239, 309, 27, 806, 60, 0,
14.605, 237, 311, 13, 818, 60, 0,
14.605, 234, 309, 0, 806, 60, 0,
14.605, 241, 311, 41, 818, 60, 0,
14.605, 238, 308, 20, 800, 60, 0,
14.638, 250, 312, 103, 825, 60, 0,
14.638, 246, 307, 75, 793, 60, 0,
14.638, 196, 259, 0, 493, 60, 0,
14.638, 227, 274, 0, 587, 60, 0,
14.638, 263, 315, 193, 843, 60, 0,
14.638, 253, 286, 124, 662, 60, 0,
14.672, 223, 249, 0, 431, 60, 0,
14.672, 267, 281, 220, 631, 60, 0,
14.672, 243, 254, 55, 462, 30, 30,
14.672, 234, 239, 0, 368, 30, 30,
14.672, 234, 232, 0, 325, 30, 30,
14.672, 249, 239, 96, 368, 30, 30,
14.705, 257, 242, 151, 387, 30, 30,
14.705, 259, 236, 165, 350, 30, 30,
14.705, 265, 235, 206, 343, 30, 30,
14.705, 272, 233, 255, 331, 30, 30,
14.705, 279, 229, 303, 306, 30, 30,
14.705, 286, 226, 351, 287, 30, 30,
14.738, 289, 227, 372, 293, 30, 30,
14.738, 297, 230, 427, 312, 30, 30,
14.738, 289, 217, 372, 231, 30, 30,
14.738, 267, 190, 220, 62, 30, 30,
14.738, 250, 166, 103, 0, 30, 30,
14.738, 267, 182, 220, 12, 30, 30,
14.771, 281, 190, 317, 62, 30, 30,
14.771, 277, 183, 289, 18, 30, 30,
14.771, 281, 188, 317, 50, 30, 30,
14.771, 274, 177, 268, 0, 30, 30,
14.771, 264, 161, 200, 0, 30, 30,
14.771, 256, 151, 144, 0, 30, 30,
14.804, 255, 144, 137, 0, 30, 30,
14.804, 255, 141, 137, 0, 30, 30,
14.804, 256, 143, 144, 0, 30, 30,
14.804, 260, 145, 172, 0, 30, 30,
14.804, 265, 145, 206, 0, 30, 30,
14.804, 268, 143, 227, 0, 30, 30,
14.837, 268, 142, 227, 0, 30, 30,
14.837, 272, 141, 255, 0, 30, 30,
14.837, 274, 140, 268, 0, 30, 30,
14.837, 279, 135, 303, 0, 30, 30,
14.837, 279, 132, 303, 0, 30, 30,
14.837, 278, 128, 296, 0, 30, 30,
14.870, 275, 125, 275, 0, 30, 30,
14.870, 278, 123, 296, 0, 30, 30,
14.870, 287, 121, 358, 0, 30, 30,
14.870, 287, 116, 358, 0, 30, 30,
14.870, 285, 114, 344, 0, 0, 60,
14.870, 284, 111, 337, 0, 0, 60,
14.870, 291, 108, 386, 0, 0, 60,
14.904, 295, 106, 413, 0, 0, 60,
14.904, 294, 109, 406, 0, 0, 60,
14.904, 289, 114, 372, 0, 0, 60,
14.904, 287, 120, 358, 0, 0, 60,
14.904, 290, 120, 379, 0, 0, 60,
14.904, 284, 118, 337, 0, 0, 60,
14.937, 282, 115, 324, 0, 0, 60,
14.937, 286, 116, 351, 0, 0, 60,
14.937, 291, 113, 386, 0, 0, 60,
14.937, 293, 112, 400, 0, 0, 60,
14.937, 292, 112, 393, 0, 0, 60,
14.937, 289, 110, 372, 0, 0, 60,
14.937, 286, 102, 351, 0, 0, 60,
14.970, 285, 100, 344, 0, 0, 60,
14.970, 283, 103, 331, 0, 0, 60,
14.970, 278, 102, 296, 0, 0, 60,
14.970, 274, 95, 268, 0, 30, 30,
14.970, 274, 95, 268, 0, 30, 30,
14.970, 272, 94, 255, 0, 30, 30,
15.003, 268, 97, 227, 0, 30, 30,
15.003, 267, 99, 220, 0, 30, 30,
15.003, 269, 100, 234, 0, 30, 30,
15.003, 268, 99, 227, 0, 30, 30,
15.003, 264, 103, 200, 0, 30, 30,
15.003, 260, 107, 172, 0, 30, 30,
15.036, 261, 113, 179, 0, 30, 30,
15.036, 259, 123, 165, 0, 30, 30,
15.036, 258, 130, 158, 0, 30, 30,
15.036, 259, 134, 165, 0, 30, 30,
15.036, 262, 137, 186, 0, 30, 30,
15.036, 262, 137, 186, 0, 30, 30,
15.070, 256, 133, 144, 0, 30, 30,
15.070, 257, 130, 151, 0, 30, 30,
15.070, 260, 127, 172, 0, 30, 30,
15.070, 262, 127, 186, 0, 30, 30,
15.070, 261, 130, 179, 0, 30, 30,
15.070, 261, 133, 179, 0, 30, 30,
15.103, 261, 134, 179, 0, 30, 30,
15.103, 263, 130, 193, 0, 30, 30,
15.103, 265, 124, 206, 0, 30, 30,
15.103, 262, 119, 186, 0, 30, 30,
15.103, 259, 118, 165, 0, 30, 30,
15.103, 260, 122, 172, 0, 30, 30,
15.136, 266, 123, 213, 0, 30, 30,
15.136, 272, 125, 255, 0, 30, 30,
15.136, 268, 127, 227, 0, 30, 30,
15.136, 262, 126, 186, 0, 30, 30,
15.136, 259, 124, 165, 0, 30, 30,
15.136, 264, 122, 200, 0, 30, 30,
15.169, 272, 118, 255, 0, 30, 30,
15.169, 271, 117, 248, 0, 30, 30,
15.169, 268, 114, 227, 0, 30, 30,
15.169, 267, 115, 220, 0, 30, 30,
15.169, 265, 117, 206, 0, 30, 30,
15.169, 263, 119, 193, 0, 0, 60,
15.202, 261, 119, 179, 0, 0, 60,
15.202, 263, 121, 193, 0, 0, 60,
15.202, 267, 124, 220, 0, 0, 60,
15.202, 272, 123, 255, 0, 0, 60,
15.202, 267, 126, 220, 0, 0, 60,
15.202, 264, 128, 200, 0, 0, 60,
15.202, 268, 126, 227, 0, 0, 60,
15.235, 268, 119, 227, 0, 0, 60,
15.235, 277, 130, 289, 0, 0, 60,
15.235, 293, 164, 400, 0, 0, 60,
15.235, 268, 147, 227, 0, 0, 60,
15.235, 316, 209, 558, 181, 0, 60,
15.235, 302, 191, 462, 68, 0, 60,
15.269, 303, 204, 468, 150, 0, 60,
15.269, 305, 213, 482, 206, 0, 60,
15.269, 299, 213, 441, 206, 0, 60,
15.269, 297, 217, 427, 231, 0, 60,
15.269, 293, 219, 400, 243, 0, 60,
15.269, 276, 209, 282, 181, 30, 30,
15.302, 277, 215, 289, 218, 30, 30,
15.302, 280, 215, 310, 218, 30, 30,
15.302, 278, 225, 296, 281, 30, 30,
15.302, 272, 237, 255, 356, 30, 30,
15.302, 239, 221, 27, 256, 30, 30,
15.302, 278, 270, 296, 562, 30, 30,
15.302, 260, 261, 172, 506, 30, 30,
15.335, 246, 253, 75, 456, 30, 30,
15.335, 243, 253, 55, 456, 30, 30,
15.335, 248, 265, 89, 531, 30, 30,
15.335, 252, 264, 117, 525, 30, 30,
15.335, 250, 261, 103, 506, 30, 30,
15.335, 254, 271, 131, 568, 30, 30,
15.368, 262, 281, 186, 631, 30, 30,
15.368, 251, 275, 110, 593, 30, 30,
15.368, 248, 276, 89, 600, 30, 30,
15.368, 244, 282, 62, 637, 30, 30,
15.368, 236, 273, 6, 581, 30, 30,
15.368, 238, 274, 20, 587, 60, 0,
15.401, 239, 272, 27, 575, 60, 0,
15.401, 238, 274, 20, 587, 60, 0,
15.401, 236, 277, 6, 606, 60, 0,
15.401, 233, 283, 0, 643, 60, 0,
15.401, 232, 283, 0, 643, 60, 0,
15.401, 231, 284, 0, 650, 60, 0,
15.434, 235, 284, 0, 650, 60, 0,
15.434, 236, 285, 6, 656, 60, 0,
15.434, 242, 289, 48, 681, 60, 0,
15.434, 254, 292, 131, 700, 60, 0,
15.434, 238, 285, 20, 656, 60, 0,
15.434, 247, 275, 82, 593, 60, 0,
15.468, 258, 273, 158, 581, 60, 0,
15.468, 222, 230, 0, 312, 60, 0,
15.468, 252, 244, 117, 400, 60, 0,
15.468, 266, 258, 213, 487, 60, 0,
15.468, 273, 251, 262, 443, 60, 0,
15.468, 272, 250, 255, 437, 60, 0,
15.501, 283, 250, 331, 437, 30, 30,
15.501, 252, 212, 117, 200, 30, 30,
15.501, 281, 231, 317, 318, 30, 30,
15.501, 274, 217, 268, 231, 30, 30,
15.501, 285, 218, 344, 237, 30, 30,
15.501, 288, 210, 365, 187, 30, 30,
15.534, 297, 210, 427, 187, 30, 30,
15.534, 301, 201, 455, 131, 30, 30,
15.534, 312, 199, 531, 118, 30, 30,
15.534, 312, 189, 531, 56, 30, 30,
15.534, 314, 188, 544, 50, 30, 30,
15.534, 315, 185, 551, 31, 30, 30,
15.567, 316, 180, 558, 0, 30, 30,
15.567, 335, 196, 689, 100, 30, 30,
15.567, 328, 186, 641, 37, 30, 30,
15.567, 355, 224, 827, 275, 30, 30,
15.567, 331, 198, 662, 112, 30, 30,
15.567, 301, 159, 455, 0, 30, 30,
15.567, 312, 159, 531, 0, 30, 30,
15.600, 325, 172, 620, 0, 0, 60,
15.600, 324, 167, 613, 0, 0, 60,
15.600, 328, 169, 641, 0, 0, 60,
15.600, 331, 171, 662, 0, 0, 60,
15.600, 334, 170, 682, 0, 0, 60,
15.633, 334, 164, 682, 0, 0, 60,
15.633, 332, 161, 668, 0, 0, 60,
15.633, 333, 164, 675, 0, 0, 60,
15.633, 340, 173, 724, 0, 0, 60,
15.633, 363, 194, 882, 87, 0, 60,
15.633, 357, 204, 841, 150, 0, 60,
15.633, 376, 226, 972, 287, 0, 60,
15.667, 365, 213, 896, 206, 0, 60,
15.667, 369, 216, 924, 225, 0, 60,
15.667, 381, 229, 1000, 306, 0, 60,
15.667, 357, 207, 841, 168, 0, 60,
15.667, 350, 206, 793, 162, 0, 60,
15.667, 347, 205, 772, 156, 0, 60,
15.700, 347, 205, 772, 156, 0, 60,
15.700, 345, 206, 758, 162, 30, 30,
15.700, 344, 208, 751, 175, 30, 30,
15.700, 342, 207, 737, 168, 30, 30,
15.700, 338, 208, 710, 175, 30, 30,
15.700, 339, 211, 717, 193, 30, 30,
15.733, 342, 212, 737, 200, 30, 30,
15.733, 345, 211, 758, 193, 30, 30,
15.733, 349, 213, 786, 206, 30, 30,
15.733, 353, 223, 813, 268, 30, 30,
15.733, 346, 215, 765, 218, 30, 30,
15.733, 349, 215, 786, 218, 30, 30,
15.766, 352, 221, 806, 256, 30, 30,
15.766, 354, 226, 820, 287, 30, 30,
15.766, 365, 239, 896, 368, 30, 30,
15.766, 371, 246, 937, 412, 30, 30,
15.766, 373, 246, 951, 412, 30, 30,
15.766, 366, 237, 903, 356, 30, 30,
15.766, 373, 241, 951, 381, 30, 30,
15.799, 375, 240, 965, 375, 30, 30,
15.799, 369, 232, 924, 325, 0, 60,
15.799, 373, 232, 951, 325, 0, 60,
15.799, 366, 226, 903, 287, 0, 60,
15.799, 364, 226, 889, 287, 0, 60,
15.799, 364, 229, 889, 306, 0, 60,
15.832, 365, 229, 896, 306, 0, 60,
15.832, 370, 237, 931, 356, 0, 60,
15.832, 352, 215, 806, 218, 0, 60,
15.832, 347, 204, 772, 150, 0, 60,
15.832, 351, 206, 800, 162, 0, 60,
15.832, 353, 205, 813, 156, 0, 60,
15.865, 348, 204, 779, 150, 0, 60,
15.865, 341, 205, 731, 156, 0, 60,
15.865, 340, 205, 724, 156, 0, 60,
15.865, 338, 206, 710, 162, 0, 60,
15.865, 332, 200, 668, 125, 0, 60,
15.865, 326, 205, 627, 156, 0, 60,
15.899, 322, 212, 600, 200, 0, 60,
15.899, 321, 221, 593, 256, 0, 60,
15.899, 316, 223, 558, 268, 30, 30,
15.899, 307, 225, 496, 281, 30, 30,
15.899, 302, 226, 462, 287, 30, 30,
15.899, 299, 224, 441, 275, 30, 30,
15.899, 295, 222, 413, 262, 30, 30,
15.932, 291, 224, 386, 275, 30, 30,
15.932, 286, 227, 351, 293, 30, 30,
15.932, 283, 232, 331, 325, 30, 30,
15.932, 283, 235, 331, 343, 30, 30,
15.932, 277, 239, 289, 368, 30, 30,
15.965, 274, 242, 268, 387, 30, 30,
15.965, 273, 245, 262, 406, 30, 30,
15.965, 275, 249, 275, 431, 30, 30,
15.965, 271, 250, 248, 437, 30, 30,
15.965, 266, 248, 213, 425, 30, 30,
15.965, 259, 241, 165, 381, 30, 30,
15.965, 255, 233, 137, 331, 30, 30,
15.998, 256, 235, 144, 343, 30, 30,
15.998, 261, 243, 179, 393, 30, 30,
15.998, 263, 242, 193, 387, 30, 30,
15.998, 268, 252, 227, 450, 30, 30,
15.998, 268, 256, 227, 475, 30, 30,
15.998, 269, 257, 234, 481, 30, 30,
16.031, 273, 253, 262, 456, 30, 30,
16.031, 280, 250, 310, 437, 30, 30,
16.031, 287, 250, 358, 437, 30, 30,
16.031, 293, 250, 400, 437, 30, 30,
16.031, 293, 250, 400, 437, 30, 30,
16.031, 291, 248, 386, 425, 30, 30,
16.064, 291, 247, 386, 418, 30, 30,
16.064, 288, 249, 365, 431, 30, 30,
16.064, 291, 247, 386, 418, 30, 30,
16.064, 296, 249, 420, 431, 30, 30,
16.064, 298, 249, 434, 431, 30, 30,
16.064, 297, 247, 427, 418, 30, 30,
16.098, 297, 246, 427, 412, 30, 30,
16.098, 297, 247, 427, 418, 30, 30,
16.098, 296, 248, 420, 425, 30, 30,
16.098, 293, 252, 400, 450, 30, 30,
16.098, 290, 252, 379, 450, 30, 30,
16.098, 288, 248, 365, 425, 30, 30,
16.131, 289, 241, 372, 381, 30, 30,
16.131, 289, 233, 372, 331, 30, 30,
16.131, 287, 232, 358, 325, 30, 30,
16.131, 284, 232, 337, 325, 30, 30,
16.131, 286, 232, 351, 325, 30, 30,
16.131, 289, 232, 372, 325, 30, 30,
16.164, 294, 231, 406, 318, 30, 30,
16.164, 296, 227, 420, 293, 30, 30,
16.164, 293, 227, 400, 293, 30, 30,
16.164, 293, 224, 400, 275, 30, 30,
16.164, 294, 223, 406, 268, 30, 30,
16.164, 297, 222, 427, 262, 30, 30,
16.197, 298, 219, 434, 243, 30, 30,
16.197, 300, 216, 448, 225, 30, 30,
16.197, 302, 213, 462, 206, 30, 30,
16.197, 304, 215, 475, 218, 30, 30,
16.197, 304, 216, 475, 225, 0, 60,
16.197, 302, 215, 462, 218, 0, 60,
16.230, 300, 212, 448, 200, 0, 60,
16.230, 301, 209, 455, 181, 0, 60,
16.230, 305, 210, 482, 187, 0, 60,
16.230, 307, 210, 496, 187, 0, 60,
16.230, 305, 212, 482, 200, 0, 60,
16.230, 305, 210, 482, 187, 0, 60,
16.263, 308, 204, 503, 150, 0, 60,
16.263, 312, 203, 531, 143, 0, 60,
16.263, 310, 206, 517, 162, 0, 60,
16.263, 308, 206, 503, 162, 0, 60,
16.263, 310, 202, 517, 137, 0, 60,
16.263, 299, 190, 441, 62, 0, 60,
16.296, 294, 189, 406, 56, 0, 60,
16.296, 291, 191, 386, 68, 0, 60,
16.296, 300, 198, 448, 112, 0, 60,
16.296, 299, 197, 441, 106, 0, 60,
16.296, 299, 197, 441, 106, 0, 60,
16.296, 299, 201, 441, 131, 0, 60,
16.296, 296, 206, 420, 162, 0, 60,
16.330, 296, 211, 420, 193, 0, 60,
16.330, 292, 215, 393, 218, 0, 60,
16.330, 286, 219, 351, 243, 0, 60,
16.330, 287, 221, 358, 256, 0, 60,
16.330, 285, 222, 344, 262, 0, 60,
16.330, 281, 223, 317, 268, 0, 60,
16.363, 274, 224, 268, 275, 60, 0,
16.363, 272, 225, 255, 281, 60, 0,
16.363, 278, 230, 296, 312, 60, 0,
16.363, 279, 233, 303, 331, 60, 0,
16.363, 274, 229, 268, 306, 60, 0,
16.363, 260, 224, 172, 275, 60, 0,
16.396, 255, 227, 137, 293, 60, 0,
16.396, 262, 232, 186, 325, 60, 0,
16.396, 263, 234, 193, 337, 60, 0,
16.396, 262, 238, 186, 362, 60, 0,
16.396, 253, 228, 124, 300, 60, 0,
16.396, 254, 224, 131, 275, 30, 30,
16.429, 280, 245, 310, 406, 30, 30,
16.429, 297, 255, 427, 468, 30, 30,
16.429, 318, 262, 572, 512, 30, 30,
16.429, 308, 233, 503, 331, 30, 30,
16.429, 299, 229, 441, 306, 30, 30,
16.429, 307, 228, 496, 300, 30, 30,
16.462, 316, 235, 558, 343, 30, 30,
16.462, 325, 229, 620, 306, 30, 30,
16.462, 333, 231, 675, 318, 30, 30,
16.462, 327, 208, 634, 175, 30, 30,
16.462, 322, 195, 600, 93, 30, 30,
16.462, 330, 201, 655, 131, 30, 30,
16.462, 328, 199, 641, 118, 30, 30,
16.495, 330, 195, 655, 93, 30, 30,
16.495, 338, 193, 710, 81, 30, 30,
16.495, 343, 188, 744, 50, 30, 30,
16.495, 346, 191, 765, 68, 30, 30,
16.495, 354, 208, 820, 175, 30, 30,
16.495, 307, 141, 496, 0, 0, 60,
16.528, 310, 141, 517, 0, 0, 60,
16.528, 309, 138, 510, 0, 0, 60,
16.528, 309, 139, 510, 0, 0, 60,
16.528, 313, 147, 537, 0, 0, 60,
16.528, 325, 158, 620, 0, 0, 60,
16.528, 333, 158, 675, 0, 0, 60,
16.562, 337, 158, 703, 0, 0, 60,
16.562, 339, 160, 717, 0, 0, 60,
16.562, 336, 164, 696, 0, 0, 60,
16.562, 337, 166, 703, 0, 0, 60,
16.562, 338, 167, 710, 0, 0, 60,
16.562, 342, 166, 737, 0, 0, 60,
16.595, 345, 167, 758, 0, 0, 60,
16.595, 336, 165, 696, 0, 0, 60,
16.595, 332, 160, 668, 0, 0, 60,
16.595, 334, 158, 682, 0, 0, 60,
16.595, 334, 154, 682, 0, 0, 60,
16.595, 343, 157, 744, 0, 0, 60,
16.628, 349, 160, 786, 0, 0, 60,
16.628, 346, 162, 765, 0, 0, 60,
16.628, 348, 167, 779, 0, 0, 60,
16.628, 352, 173, 806, 0, 0, 60,
16.628, 345, 174, 758, 0, 0, 60,
16.628, 334, 174, 682, 0, 0, 60,
16.628, 331, 180, 662, 0, 0, 60,
16.661, 337, 184, 703, 25, 0, 60,
16.661, 347, 186, 772, 37, 0, 60,
16.661, 346, 186, 765, 37, 0, 60,
16.661, 336, 187, 696, 43, 0, 60,
16.661, 329, 183, 648, 18, 0, 60,
16.661, 331, 179, 662, 0, 0, 60,
16.694, 336, 181, 696, 6, 0, 60,
16.694, 336, 184, 696, 25, 0, 60,
16.694, 331, 189, 662, 56, 0, 60,
16.694, 327, 189, 634, 56, 0, 60,
16.694, 326, 194, 627, 87, 0, 60,
16.694, 326, 199, 627, 118, 0, 60,
16.727, 330, 206, 655, 162, 30, 30,
16.727, 332, 208, 668, 175, 30, 30,
16.727, 346, 225, 765, 281, 30, 30,
16.727, 338, 227, 710, 293, 30, 30,
16.727, 328, 220, 641, 250, 30, 30,
16.727, 318, 209, 572, 181, 30, 30,
16.761, 319, 208, 579, 175, 30, 30,
16.761, 317, 208, 565, 175, 30, 30,
16.761, 317, 209, 565, 181, 30, 30,
16.761, 314, 209, 544, 181, 30, 30,
16.761, 306, 208, 489, 175, 30, 30,
16.761, 305, 207, 482, 168, 30, 30,
16.794, 304, 206, 475, 162, 30, 30,
16.794, 306, 208, 489, 175, 30, 30,
16.794, 309, 208, 510, 175, 30, 30,
16.794, 310, 206, 517, 162, 30, 30,
16.794, 308, 208, 503, 175, 30, 30,
16.794, 306, 209, 489, 181, 30, 30,
16.827, 305, 207, 482, 168, 30, 30,
16.827, 308, 208, 503, 175, 30, 30,
16.827, 313, 209, 537, 181, 30, 30,
16.827, 315, 210, 551, 187, 30, 30,
16.827, 312, 211, 531, 193, 30, 30,
16.827, 306, 214, 489, 212, 30, 30,
16.860, 310, 216, 517, 225, 30, 30,
16.860, 318, 215, 572, 218, 30, 30,
16.860, 322, 213, 600, 206, 30, 30,
16.860, 314, 210, 544, 187, 30, 30,
16.860, 315, 205, 551, 156, 30, 30,
16.860, 316, 203, 558, 143, 30, 30,
16.893, 316, 203, 558, 143, 30, 30,
16.893, 315, 204, 551, 150, 30, 30,
16.893, 321, 203, 593, 143, 30, 30,
16.893, 326, 202, 627, 137, 30, 30,
16.893, 333, 201, 675, 131, 30, 30,
16.893, 334, 197, 682, 106, 30, 30,
16.926, 328, 198, 641, 112, 30, 30,
16.926, 328, 196, 641, 100, 30, 30,
16.926, 330, 195, 655, 93, 0, 60,
16.926, 333, 194, 675, 87, 0, 60,
16.926, 333, 192, 675, 75, 0, 60,
16.926, 333, 192, 675, 75, 0, 60,
16.926, 335, 191, 689, 68, 0, 60,
16.960, 337, 191, 703, 68, 0, 60,
16.960, 337, 190, 703, 62, 0, 60,
16.960, 334, 193, 682, 81, 0, 60,
16.960, 331, 191, 662, 68, 0, 60,
16.960, 328, 189, 641, 56, 0, 60,
16.960, 325, 186, 620, 37, 0, 60,
16.993, 330, 185, 655, 31, 0, 60,
16.993, 331, 184, 662, 25, 0, 60,
16.993, 326, 182, 627, 12, 0, 60,
16.993, 320, 180, 586, 0, 0, 60,
16.993, 316, 186, 558, 37, 0, 60,
16.993, 315, 189, 551, 56, 0, 60,
16.993, 314, 194, 544, 87, 0, 60,
17.026, 314, 193, 544, 81, 0, 60,
17.026, 316, 195, 558, 93, 30, 30,
17.026, 313, 199, 537, 118, 30, 30,
17.026, 306, 205, 489, 156, 30, 30,
17.026, 306, 210, 489, 187, 30, 30,
17.026, 311, 211, 524, 193, 30, 30,
17.059, 313, 211, 537, 193, 30, 30,
17.059, 310, 210, 517, 187, 30, 30,
17.059, 306, 209, 489, 181, 30, 30,
17.059, 304, 209, 475, 181, 30, 30,
17.059, 305, 212, 482, 200, 30, 30,
17.059, 305, 208, 482, 175, 30, 30,
17.092, 300, 208, 448, 175, 30, 30,
17.092, 299, 208, 441, 175, 30, 30,
17.092, 298, 208, 434, 175, 30, 30,
17.092, 295, 206, 413, 162, 30, 30,
17.092, 298, 205, 434, 156, 30, 30,
17.092, 306, 203, 489, 143, 30, 30,
17.125, 306, 201, 489, 131, 30, 30,
17.125, 299, 201, 441, 131, 30, 30,
17.125, 303, 197, 468, 106, 30, 30,
17.125, 306, 193, 489, 81, 30, 30,
17.125, 306, 192, 489, 75, 30, 30,
17.125, 308, 194, 503, 87, 30, 30,
17.159, 308, 195, 503, 93, 30, 30,
17.159, 307, 195, 496, 93, 30, 30,
17.159, 309, 195, 510, 93, 30, 30,
17.159, 311, 191, 524, 68, 30, 30,
17.159, 316, 189, 558, 56, 30, 30,
17.159, 318, 187, 572, 43, 30, 30,
17.192, 317, 184, 565, 25, 30, 30,
17.192, 318, 181, 572, 6, 30, 30,
17.192, 323, 182, 606, 12, 30, 30,
17.192, 324, 183, 613, 18, 30, 30,
17.192, 321, 185, 593, 31, 30, 30,
17.192, 323, 185, 606, 31, 30, 30,
17.225, 324, 186, 613, 37, 30, 30,
17.225, 328, 183, 641, 18, 30, 30,
17.225, 331, 181, 662, 6, 30, 30,
17.225, 329, 177, 648, 0, 0, 60,
17.225, 329, 174, 648, 0, 0, 60,
17.225, 333, 172, 675, 0, 0, 60,
17.258, 336, 170, 696, 0, 0, 60,
17.258, 336, 168, 696, 0, 0, 60,
17.258, 342, 168, 737, 0, 0, 60,
17.258, 343, 169, 744, 0, 0, 60,
17.258, 343, 166, 744, 0, 0, 60,
17.258, 342, 164, 737, 0, 0, 60,
17.291, 346, 169, 765, 0, 0, 60,
17.291, 368, 174, 917, 0, 0, 60,
17.291, 350, 174, 793, 0, 0, 60,
17.291, 336, 163, 696, 0, 0, 60,
17.291, 336, 159, 696, 0, 0, 60,
17.291, 344, 160, 751, 0, 0, 60,
17.324, 352, 167, 806, 0, 0, 60,
17.324, 350, 169, 793, 0, 0, 60,
17.324, 348, 181, 779, 6, 0, 60,
17.324, 361, 197, 868, 106, 0, 60,
17.324, 354, 191, 820, 68, 0, 60,
17.324, 345, 187, 758, 43, 0, 60,
17.324, 345, 185, 758, 31, 0, 60,
17.358, 341, 186, 731, 37, 0, 60,
17.358, 342, 188, 737, 50, 0, 60,
17.358, 336, 189, 696, 56, 0, 60,
17.358, 331, 189, 662, 56, 0, 60,
17.358, 331, 185, 662, 31, 0, 60,
17.358, 340, 187, 724, 43, 0, 60,
17.391, 346, 192, 765, 75, 0, 60,
17.391, 343, 193, 744, 81, 0, 60,
17.391, 336, 194, 696, 87, 0, 60,
17.391, 324, 198, 613, 112, 0, 60,
17.391, 322, 203, 600, 143, 0, 60,
17.391, 322, 207, 600, 168, 0, 60,
17.424, 321, 210, 593, 187, 0, 60,
17.424, 315, 214, 551, 212, 0, 60,
17.424, 308, 213, 503, 206, 0, 60,
17.424, 299, 213, 441, 206, 0, 60,
17.424, 297, 214, 427, 212, 30, 30,
17.424, 298, 221, 434, 256, 30, 30,
17.424, 293, 224, 400, 275, 30, 30,
17.457, 287, 230, 358, 312, 30, 30,
17.457, 283, 233, 331, 331, 30, 30,
17.457, 282, 233, 324, 331, 30, 30,
17.457, 281, 232, 317, 325, 30, 30,
17.457, 279, 230, 303, 312, 30, 30,
17.457, 272, 229, 255, 306, 30, 30,
17.490, 261, 222, 179, 262, 30, 30,
17.490, 260, 221, 172, 256, 30, 30,
17.490, 262, 224, 186, 275, 30, 30,
17.490, 261, 227, 179, 293, 30, 30,
17.490, 257, 228, 151, 300, 30, 30,
17.490, 258, 226, 158, 287, 30, 30,
17.523, 258, 229, 158, 306, 30, 30,
17.523, 257, 229, 151, 306, 30, 30,
17.523, 258, 229, 158, 306, 30, 30,
17.523, 260, 229, 172, 306, 30, 30,
17.523, 262, 232, 186, 325, 30, 30,
17.523, 263, 235, 193, 343, 30, 30,
17.557, 263, 238, 193, 362, 30, 30,
17.557, 267, 242, 220, 387, 30, 30,
17.557, 268, 243, 227, 393, 30, 30,
17.557, 269, 242, 234, 387, 30, 30,
17.557, 269, 239, 234, 368, 30, 30,
17.557, 270, 239, 241, 368, 30, 30,
17.590, 270, 238, 241, 362, 30, 30,
17.590, 272, 238, 255, 362, 30, 30,
17.590, 272, 236, 255, 350, 30, 30,
17.590, 272, 235, 255, 343, 30, 30,
17.590, 271, 237, 248, 356, 30, 30,
17.590, 272, 236, 255, 350, 30, 30,
17.623, 276, 232, 282, 325, 30, 30,
17.623, 278, 229, 296, 306, 30, 30,
17.623, 279, 228, 303, 300, 30, 30,
17.623, 280, 227, 310, 293, 30, 30,
17.623, 278, 228, 296, 300, 30, 30,
17.623, 277, 227, 289, 293, 30, 30,
17.656, 278, 225, 296, 281, 30, 30,
17.656, 278, 224, 296, 275, 30, 30,
17.656, 277, 222, 289, 262, 30, 30,
17.656, 279, 224, 303, 275, 30, 30,
17.656, 279, 223, 303, 268, 30, 30,
17.656, 279, 220, 303, 250, 30, 30,
17.656, 281, 217, 317, 231, 30, 30,
17.689, 286, 216, 351, 225, 30, 30,
17.689, 289, 216, 372, 225, 30, 30,
17.689, 289, 214, 372, 212, 30, 30,
17.689, 289, 215, 372, 218, 30, 30,
17.689, 294, 215, 406, 218, 30, 30,
17.689, 298, 213, 434, 206, 30, 30,
17.722, 301, 213, 455, 206, 30, 30,
17.722, 305, 211, 482, 193, 30, 30,
17.722, 308, 209, 503, 181, 30, 30,
17.722, 310, 206, 517, 162, 30, 30,
17.722, 314, 201, 544, 131, 30, 30,
17.722, 318, 201, 572, 131, 0, 60,
17.755, 321, 200, 593, 125, 0, 60,
17.755, 326, 200, 627, 125, 0, 60,
17.755, 328, 200, 641, 125, 0, 60,
17.755, 326, 200, 627, 125, 0, 60,
17.755, 328, 199, 641, 118, 0, 60,
17.755, 331, 198, 662, 112, 0, 60,
17.789, 331, 196, 662, 100, 0, 60,
17.789, 332, 191, 668, 68, 0, 60,
17.789, 332, 186, 668, 37, 0, 60,
17.789, 332, 183, 668, 18, 0, 60,
17.789, 335, 181, 689, 6, 0, 60,
17.789, 337, 184, 703, 25, 0, 60,
17.822, 332, 186, 668, 37, 0, 60,
17.822, 347, 197, 772, 106, 0, 60,
17.822, 349, 200, 786, 125, 0, 60,
17.822, 350, 203, 793, 143, 0, 60,
17.822, 348, 204, 779, 150, 0, 60,
17.822, 347, 205, 772, 156, 0, 60,
17.855, 351, 207, 800, 168, 0, 60,
17.855, 355, 207, 827, 168, 0, 60,
17.855, 353, 205, 813, 156, 0, 60,
17.855, 351, 202, 800, 137, 0, 60,
17.855, 350, 204, 793, 150, 0, 60,
17.855, 345, 205, 758, 156, 0, 60,
17.888, 337, 207, 703, 168, 0, 60,
17.888, 332, 204, 668, 150, 0, 60,
17.888, 327, 203, 634, 143, 0, 60,
17.888, 328, 202, 641, 137, 0, 60,
17.888, 334, 204, 682, 150, 0, 60,
17.888, 346, 220, 765, 250, 0, 60,
17.921, 338, 220, 710, 250, 0, 60,
17.921, 328, 217, 641, 231, 0, 60,
17.921, 323, 216, 606, 225, 0, 60,
17.921, 319, 213, 579, 206, 0, 60,
17.921, 317, 211, 565, 193, 0, 60,
17.921, 315, 210, 551, 187, 0, 60,
17.954, 310, 209, 517, 181, 0, 60,
17.954, 305, 209, 482, 181, 30, 30,
17.954, 300, 214, 448, 212, 30, 30,
17.954, 294, 216, 406, 225, 30, 30,
17.954, 292, 219, 393, 243, 30, 30,
17.954, 303, 232, 468, 325, 30, 30,
17.987, 295, 230, 413, 312, 30, 30,
17.987, 290, 228, 379, 300, 30, 30,
17.987, 286, 232, 351, 325, 30, 30,
17.987, 284, 230, 337, 312, 30, 30,
17.987, 280, 229, 310, 306, 30, 30,
17.987, 278, 231, 296, 318, 30, 30,
18.021, 276, 231, 282, 318, 30, 30,
18.021, 277, 230, 289, 312, 30, 30,
18.021, 275, 230, 275, 312, 30, 30,
18.021, 274, 228, 268, 300, 30, 30,
18.021, 271, 226, 248, 287, 30, 30,
18.021, 271, 225, 248, 281, 30, 30,
18.021, 276, 227, 282, 293, 30, 30,
18.054, 272, 224, 255, 275, 30, 30,
18.054, 269, 222, 234, 262, 30, 30,
18.054, 273, 221, 262, 256, 30, 30,
18.054, 280, 220, 310, 250, 30, 30,
18.054, 280, 217, 310, 231, 30, 30,
18.054, 283, 216, 331, 225, 30, 30,
18.087, 285, 212, 344, 200, 30, 30,
18.087, 287, 211, 358, 193, 30, 30,
18.087, 291, 209, 386, 181, 30, 30,
18.087, 290, 201, 379, 131, 30, 30,
18.087, 294, 199, 406, 118, 30, 30,
18.087, 297, 200, 427, 125, 30, 30,
18.120, 298, 199, 434, 118, 30, 30,
18.120, 298, 196, 434, 100, 30, 30,
18.120, 300, 194, 448, 87, 30, 30,
18.120, 300, 196, 448, 100, 30, 30,
18.120, 302, 193, 462, 81, 30, 30,
18.120, 301, 193, 455, 81, 30, 30,
18.153, 306, 193, 489, 81, 30, 30,
18.153, 308, 192, 503, 75, 30, 30,
18.153, 309, 190, 510, 62, 0, 60,
18.153, 311, 194, 524, 87, 0, 60,
18.153, 312, 193, 531, 81, 0, 60,
18.153, 308, 194, 503, 87, 0, 60,
18.153, 311, 193, 524, 81, 0, 60,
18.186, 325, 190, 620, 62, 0, 60,
18.186, 332, 189, 668, 56, 0, 60,
18.186, 331, 191, 662, 68, 0, 60,
18.186, 326, 190, 627, 62, 0, 60,
18.186, 326, 186, 627, 37, 0, 60,
18.186, 328, 189, 641, 56, 0, 60,
18.219, 323, 189, 606, 56, 0, 60,
18.219, 314, 180, 544, 0, 0, 60,
18.219, 316, 181, 558, 6, 0, 60,
18.219, 316, 180, 558, 0, 0, 60,
18.219, 316, 182, 558, 12, 0, 60,
18.219, 310, 185, 517, 31, 0, 60,
18.253, 305, 191, 482, 68, 0, 60,
18.253, 304, 195, 475, 93, 0, 60,
18.253, 302, 197, 462, 106, 30, 30,
18.253, 299, 197, 441, 106, 30, 30,
18.253, 299, 201, 441, 131, 30, 30,
18.253, 294, 204, 406, 150, 30, 30,
18.286, 286, 202, 351, 137, 30, 30,
18.286, 280, 200, 310, 125, 30, 30,
18.286, 279, 200, 303, 125, 30, 30,
18.286, 282, 205, 324, 156, 30, 30,
18.286, 286, 206, 351, 162, 30, 30,
18.286, 288, 210, 365, 187, 30, 30,
18.319, 299, 222, 441, 262, 30, 30,
18.319, 292, 218, 393, 237, 30, 30,
18.319, 291, 225, 386, 281, 30, 30,
18.319, 294, 235, 406, 343, 30, 30,
18.319, 293, 237, 400, 356, 30, 30,
18.319, 297, 238, 427, 362, 30, 30,
18.352, 299, 237, 441, 356, 30, 30,
18.352, 292, 227, 393, 293, 30, 30,
18.352, 284, 219, 337, 243, 30, 30,
18.352, 282, 221, 324, 256, 30, 30,
18.352, 294, 231, 406, 318, 30, 30,
18.352, 288, 222, 365, 262, 30, 30,
18.385, 278, 208, 296, 175, 30, 30,
18.385, 284, 207, 337, 168, 30, 30,
18.385, 287, 207, 358, 168, 30, 30,
18.385, 288, 207, 365, 168, 30, 30,
18.385, 289, 211, 372, 193, 30, 30,
18.385, 290, 210, 379, 187, 30, 30,
18.385, 290, 203, 379, 143, 30, 30,
18.418, 291, 199, 386, 118, 30, 30,
18.418, 294, 199, 406, 118, 30, 30,
18.418, 298, 202, 434, 137, 30, 30,
18.418, 301, 202, 455, 137, 30, 30,
18.418, 307, 196, 496, 100, 30, 30,
18.418, 315, 190, 551, 62, 30, 30,
18.451, 315, 187, 551, 43, 30, 30,
18.451, 307, 184, 496, 25, 30, 30,
18.451, 300, 184, 448, 25, 30, 30,
18.451, 309, 187, 510, 43, 0, 60,
18.451, 317, 187, 565, 43, 0, 60,
18.451, 318, 185, 572, 31, 0, 60,
18.485, 319, 183, 579, 18, 0, 60,
18.485, 317, 179, 565, 0, 0, 60,
18.485, 316, 174, 558, 0, 0, 60,
18.485, 321, 176, 593, 0, 0, 60,
18.485, 325, 184, 620, 25, 0, 60,
18.485, 320, 191, 586, 68, 0, 60,
18.518, 319, 194, 579, 87, 0, 60,
18.518, 317, 195, 565, 93, 0, 60,
18.518, 314, 191, 544, 68, 0, 60,
18.518, 313, 196, 537, 100, 0, 60,
18.518, 312, 200, 531, 125, 0, 60,
18.518, 314, 197, 544, 106, 0, 60,
18.551, 313, 200, 537, 125, 0, 60,
18.551, 312, 202, 531, 137, 0, 60,
18.551, 312, 208, 531, 175, 0, 60,
18.551, 312, 211, 531, 193, 0, 60,
18.551, 310, 212, 517, 200, 30, 30,
18.551, 306, 211, 489, 193, 30, 30,
18.584, 299, 208, 441, 175, 30, 30,
18.584, 297, 212, 427, 200, 30, 30,
18.584, 296, 213, 420, 206, 30, 30,
18.584, 295, 216, 413, 225, 30, 30,
18.584, 296, 218, 420, 237, 30, 30,
18.584, 290, 213, 379, 206, 30, 30,
18.617, 288, 213, 365, 206, 30, 30,
18.617, 287, 211, 358, 193, 30, 30,
18.617, 285, 212, 344, 200, 30, 30,
18.617, 283, 210, 331, 187, 30, 30,
18.617, 282, 206, 324, 162, 30, 30,
18.617, 282, 202, 324, 137, 30, 30,
18.650, 280, 200, 310, 125, 30, 30,
18.650, 281, 202, 317, 137, 30, 30,
18.650, 279, 203, 303, 143, 30, 30,
18.650, 282, 204, 324, 150, 30, 30,
18.650, 284, 203, 337, 143, 30, 30,
18.650, 284, 205, 337, 156, 30, 30,
18.684, 287, 204, 358, 150, 30, 30,
18.684, 290, 198, 379, 112, 30, 30,
18.684, 288, 194, 365, 87, 30, 30,
18.684, 286, 191, 351, 68, 30, 30,
18.684, 284, 192, 337, 75, 30, 30,
18.684, 284, 189, 337, 56, 30, 30,
18.684, 287, 187, 358, 43, 30, 30,
18.717, 292, 187, 393, 43, 30, 30,
18.717, 295, 191, 413, 68, 30, 30,
18.717, 297, 194, 427, 87, 30, 30,
18.717, 299, 192, 441, 75, 30, 30,
18.717, 297, 187, 427, 43, 30, 30,
18.717, 295, 183, 413, 18, 30, 30,
18.750, 295, 180, 413, 0, 30, 30,
18.750, 295, 178, 413, 0, 30, 30,
18.750, 302, 174, 462, 0, 30, 30,
18.750, 313, 169, 537, 0, 30, 30,
18.750, 314, 163, 544, 0, 30, 30,
18.750, 305, 155, 482, 0, 0, 60,
18.750, 304, 154, 475, 0, 0, 60,
18.783, 310, 156, 517, 0, 0, 60,
18.783, 317, 157, 565, 0, 0, 60,
18.783, 318, 162, 572, 0, 0, 60,
18.783, 317, 165, 565, 0, 0, 60,
18.783, 314, 166, 544, 0, 0, 60,
18.783, 309, 165, 510, 0, 0, 60,
18.816, 307, 165, 496, 0, 0, 60,
18.816, 312, 168, 531, 0, 0, 60,
18.816, 316, 169, 558, 0, 0, 60,
18.816, 325, 177, 620, 0, 0, 60,
18.816, 326, 185, 627, 31, 0, 60,
18.816, 321, 185, 593, 31, 0, 60,
18.849, 332, 202, 668, 137, 0, 60,
18.849, 319, 200, 579, 125, 0, 60,
18.849, 319, 201, 579, 131, 0, 60,
18.849, 317, 203, 565, 143, 0, 60,
18.849, 319, 210, 579, 187, 0, 60,
18.849, 315, 203, 551, 143, 30, 30,
18.882, 308, 199, 503, 118, 30, 30,
18.882, 310, 207, 517, 168, 30, 30,
18.882, 314, 212, 544, 200, 30, 30,
18.882, 321, 217, 593, 231, 30, 30,
18.882, 301, 211, 455, 193, 30, 30,
18.882, 297, 217, 427, 231, 30, 30,
18.916, 302, 219, 462, 243, 30, 30,
18.916, 297, 216, 427, 225, 30, 30,
18.916, 297, 211, 427, 193, 30, 30,
18.916, 296, 208, 420, 175, 30, 30,
18.916, 300, 211, 448, 193, 30, 30,
18.916, 304, 213, 475, 206, 30, 30,
18.949, 302, 211, 462, 193, 30, 30,
18.949, 303, 210, 468, 187, 30, 30,
18.949, 307, 210, 496, 187, 30, 30,
18.949, 323, 222, 606, 262, 30, 30,
18.949, 339, 241, 717, 381, 30, 30,
18.949, 324, 215, 613, 218, 30, 30,
18.982, 322, 214, 600, 212, 30, 30,
18.982, 310, 197, 517, 106, 30, 30,
18.982, 298, 169, 434, 0, 30, 30,
18.982, 307, 170, 496, 0, 30, 30,
18.982, 302, 164, 462, 0, 30, 30,
18.982, 290, 159, 379, 0, 30, 30,
19.015, 291, 158, 386, 0, 30, 30,
19.015, 300, 155, 448, 0, 30, 30,
19.015, 300, 150, 448, 0, 30, 30,
19.015, 299, 145, 441, 0, 30, 30,
19.015, 300, 138, 448, 0, 30, 30,
19.015, 302, 134, 462, 0, 30, 30,
19.048, 303, 132, 468, 0, 30, 30,
19.048, 308, 131, 503, 0, 30, 30,
19.048, 309, 130, 510, 0, 30, 30,
19.048, 309, 129, 510, 0, 30, 30,
19.048, 310, 131, 517, 0, 30, 30,
19.048, 314, 131, 544, 0, 30, 30,
19.048, 316, 131, 558, 0, 30, 30,
19.081, 316, 130, 558, 0, 0, 60,
19.081, 319, 130, 579, 0, 0, 60,
19.081, 320, 130, 586, 0, 0, 60,
19.081, 324, 127, 613, 0, 0, 60,
19.081, 331, 125, 662, 0, 0, 60,
19.115, 328, 122, 641, 0, 0, 60,
19.115, 325, 125, 620, 0, 0, 60,
19.115, 328, 127, 641, 0, 0, 60,
19.115, 333, 128, 675, 0, 0, 60,
19.115, 339, 128, 717, 0, 0, 60,
19.115, 345, 122, 758, 0, 0, 60,
19.115, 375, 167, 965, 0, 0, 60,
19.148, 382, 169, 1000, 0, 0, 60,
19.148, 380, 173, 1000, 0, 0, 60,
19.148, 370, 178, 931, 0, 0, 60,
19.148, 366, 177, 903, 0, 0, 60,
19.148, 385, 177, 1000, 0, 0, 60,
19.148, 389, 174, 1000, 0, 0, 60,
19.181, 378, 165, 986, 0, 0, 60,
19.181, 361, 163, 868, 0, 0, 60,
19.181, 359, 166, 855, 0, 0, 60,
19.181, 364, 168, 889, 0, 0, 60,
19.181, 364, 170, 889, 0, 0, 60,
19.181, 363, 172, 882, 0, 0, 60,
19.181, 365, 173, 896, 0, 0, 60,
19.214, 367, 170, 910, 0, 0, 60,
19.214, 364, 169, 889, 0, 0, 60,
19.214, 360, 168, 862, 0, 0, 60,
19.214, 363, 170, 882, 0, 0, 60,
19.214, 361, 175, 868, 0, 0, 60,
19.214, 350, 166, 793, 0, 0, 60,
19.247, 348, 156, 779, 0, 0, 60,
19.247, 350, 158, 793, 0, 0, 60,
19.247, 355, 159, 827, 0, 0, 60,
19.247, 354, 160, 820, 0, 0, 60,
19.247, 352, 165, 806, 0, 0, 60,
19.247, 356, 175, 834, 0, 0, 60,
19.280, 354, 178, 820, 0, 0, 60,
19.280, 354, 178, 820, 0, 30, 30,
19.280, 352, 176, 806, 0, 30, 30,
19.280, 354, 176, 820, 0, 30, 30,
19.280, 355, 178, 827, 0, 30, 30,
19.280, 352, 173, 806, 0, 30, 30,
19.314, 352, 169, 806, 0, 30, 30,
19.314, 354, 168, 820, 0, 30, 30,
19.314, 358, 171, 848, 0, 30, 30,
19.314, 353, 168, 813, 0, 30, 30,
19.314, 355, 170, 827, 0, 30, 30,
19.314, 357, 172, 841, 0, 30, 30,
19.347, 356, 175, 834, 0, 30, 30,
19.347, 355, 175, 827, 0, 30, 30,
19.347, 351, 171, 800, 0, 30, 30,
19.347, 360, 183, 862, 18, 30, 30,
19.347, 404, 224, 1000, 275, 30, 30,
19.347, 396, 225, 1000, 281, 30, 30,
19.380, 374, 216, 958, 225, 30, 30,
19.380, 368, 206, 917, 162, 30, 30,
19.380, 373, 209, 951, 181, 30, 30,
19.380, 366, 197, 903, 106, 30, 30,
19.380, 366, 195, 903, 93, 30, 30,
19.380, 360, 188, 862, 50, 30, 30,
19.380, 362, 187, 875, 43, 30, 30,
19.413, 363, 191, 882, 68, 30, 30,
19.413, 367, 200, 910, 125, 30, 30,
19.413, 372, 206, 944, 162, 30, 30,
19.413, 361, 205, 868, 156, 30, 30,
19.413, 361, 210, 868, 187, 30, 30,
19.413, 353, 208, 813, 175, 30, 30,
19.446, 336, 197, 696, 106, 30, 30,
19.446, 326, 194, 627, 87, 30, 30,
19.446, 320, 192, 586, 75, 30, 30,
19.446, 314, 188, 544, 50, 30, 30,
19.446, 312, 192, 531, 75, 30, 30,
19.446, 310, 196, 517, 100, 30, 30,
19.479, 312, 199, 531, 118, 30, 30,
19.479, 306, 196, 489, 100, 30, 30,
19.479, 303, 201, 468, 131, 30, 30,
19.479, 296, 195, 420, 93, 30, 30,
19.479, 299, 206, 441, 162, 30, 30,
19.479, 297, 208, 427, 175, 30, 30,
19.512, 262, 174, 186, 0, 30, 30,
19.512, 256, 173, 144, 0, 30, 30,
19.512, 247, 171, 82, 0, 30, 30,
19.512, 239, 169, 27, 0, 30, 30,
19.512, 235, 169, 0, 0, 30, 30,
19.512, 233, 170, 0, 0, 30, 30,
19.546, 229, 169, 0, 0, 30, 30,
19.546, 226, 172, 0, 0, 30, 30,
19.546, 224, 172, 0, 0, 30, 30,
19.546, 224, 173, 0, 0, 30, 30,
19.546, 224, 171, 0, 0, 30, 30,
19.546, 225, 171, 0, 0, 30, 30,
19.579, 227, 172, 0, 0, 30, 30,
19.579, 230, 176, 0, 0, 30, 30,
19.579, 230, 179, 0, 0, 30, 30,
19.579, 230, 182, 0, 12, 30, 30,
19.579, 229, 185, 0, 31, 30, 30,
19.579, 231, 190, 0, 62, 30, 30,
19.579, 234, 194, 0, 87, 30, 30,
19.612, 236, 197, 6, 106, 30, 30,
19.612, 238, 200, 20, 125, 30, 30,
19.612, 243, 199, 55, 118, 30, 30,
19.612, 244, 198, 62, 112, 30, 30,
19.612, 245, 198, 68, 112, 30, 30,
19.612, 241, 196, 41, 100, 30, 30,
19.645, 239, 194, 27, 87, 30, 30,
19.645, 238, 193, 20, 81, 30, 30,
19.645, 241, 192, 41, 75, 30, 30,
19.645, 240, 189, 34, 56, 30, 30,
19.645, 243, 185, 55, 31, 30, 30,
19.645, 243, 180, 55, 0, 30, 30,
19.678, 247, 178, 82, 0, 30, 30,
19.678, 253, 189, 124, 56, 30, 30,
19.678, 253, 196, 124, 100, 30, 30,
19.678, 249, 205, 96, 156, 60, 0,
19.678, 246, 207, 75, 168, 60, 0,
19.678, 244, 208, 62, 175, 60, 0,
19.711, 240, 204, 34, 150, 60, 0,
19.711, 238, 203, 20, 143, 60, 0,
19.711, 238, 200, 20, 125, 60, 0,
19.711, 238, 202, 20, 137, 60, 0,
19.711, 236, 206, 6, 162, 60, 0,
19.711, 234, 210, 0, 187, 60, 0,
19.745, 233, 209, 0, 181, 60, 0,
19.745, 233, 207, 0, 168, 60, 0,
19.745, 228, 198, 0, 112, 60, 0,
19.745, 254, 213, 131, 206, 60, 0,
19.745, 253, 195, 124, 93, 0, 60,
19.745, 198, 156, 0, 0, 0, 60,
19.745, 197, 155, 0, 0, 0, 60,
19.778, 203, 162, 0, 0, 0, 60,
19.778, 211, 168, 0, 0, 0, 60,
19.778, 218, 175, 0, 0, 0, 60,
19.778, 213, 168, 0, 0, 30, 30,
19.778, 211, 166, 0, 0, 30, 30,
19.778, 212, 166, 0, 0, 30, 30,
19.811, 212, 164, 0, 0, 30, 30,
19.811, 212, 163, 0, 0, 30, 30,
19.811, 204, 153, 0, 0, 30, 30,
19.811, 227, 181, 0, 6, 30, 30,
19.811, 274, 226, 268, 287, 30, 30,
19.811, 260, 203, 172, 143, 30, 30,
19.844, 258, 211, 158, 193, 30, 30,
19.844, 248, 200, 89, 125, 30, 30,
19.844, 233, 186, 0, 37, 30, 30,
19.844, 223, 173, 0, 0, 30, 30,
19.844, 222, 172, 0, 0, 30, 30,
19.844, 223, 172, 0, 0, 30, 30,
19.877, 229, 182, 0, 12, 30, 30,
19.877, 255, 209, 137, 181, 30, 30,
19.877, 247, 205, 82, 156, 30, 30,
19.877, 248, 206, 89, 162, 30, 30,
19.877, 260, 219, 172, 243, 60, 0,
19.877, 261, 216, 179, 225, 60, 0,
19.910, 280, 237, 310, 356, 60, 0,
19.910, 243, 199, 55, 118, 60, 0,
19.910, 242, 198, 48, 112, 60, 0,
19.910, 237, 196, 13, 100, 60, 0,
19.910, 238, 197, 20, 106, 60, 0,
19.910, 234, 197, 0, 106, 60, 0,
19.910, 232, 193, 0, 81, 60, 0,
19.944, 232, 188, 0, 50, 60, 0,
19.944, 232, 186, 0, 37, 60, 0,
19.944, 231, 189, 0, 56, 60, 0,
19.944, 233, 193, 0, 81, 60, 0,
19.944, 231, 202, 0, 137, 60, 0,
19.944, 222, 187, 0, 43, 60, 0,
19.977, 218, 186, 0, 37, 60, 0,
19.977, 214, 185, 0, 31, 60, 0,
19.977, 210, 178, 0, 0, 0, 60,
19.977, 206, 170, 0, 0, 0, 60,
19.977, 211, 173, 0, 0, 30, 30,
19.977, 215, 177, 0, 0, 30, 30,
20.010, 247, 208, 82, 175, 30, 30,
20.010, 235, 211, 0, 193, 30, 30,
20.010, 220, 184, 0, 25, 30, 30,
20.010, 231, 193, 0, 81, 30, 30,
20.010, 230, 191, 0, 68, 30, 30,
20.010, 253, 211, 124, 193, 30, 30,
20.043, 234, 188, 0, 50, 30, 30,
20.043, 227, 195, 0, 93, 30, 30,
20.043, 220, 188, 0, 50, 30, 30,
20.043, 221, 191, 0, 68, 30, 30,
20.043, 209, 180, 0, 0, 30, 30,
20.043, 206, 175, 0, 0, 30, 30,
20.076, 207, 178, 0, 0, 30, 30,
20.076, 210, 185, 0, 31, 30, 30,
20.076, 212, 192, 0, 75, 30, 30,
20.076, 212, 194, 0, 87, 30, 30,
20.076, 209, 192, 0, 75, 30, 30,
20.076, 208, 188, 0, 50, 60, 0,
20.076, 213, 190, 0, 62, 60, 0,
20.109, 211, 180, 0, 0, 0, 60,
20.109, 213, 180, 0, 0, 0, 60,
20.109, 223, 188, 0, 50, 60, 0,
20.109, 198, 167, 0, 0, 0, 60,
20.109, 223, 192, 0, 75, 60, 0,
20.109, 257, 227, 151, 293, 60, 0,
20.143, 222, 194, 0, 87, 60, 0,
20.143, 224, 194, 0, 87, 60, 0,
20.143, 220, 191, 0, 68, 60, 0,
20.143, 214, 185, 0, 31, 60, 0,
20.143, 214, 183, 0, 18, 60, 0,
20.143, 214, 183, 0, 18, 60, 0,
20.176, 224, 193, 0, 81, 60, 0,
20.176, 223, 196, 0, 100, 60, 0,
20.176, 219, 192, 0, 75, 60, 0,
20.176, 215, 192, 0, 75, 60, 0,
20.176, 219, 200, 0, 125, 60, 0,
20.176, 217, 198, 0, 112, 60, 0,
20.176, 214, 192, 0, 75, 60, 0,
20.209, 214, 194, 0, 87, 60, 0,
20.209, 213, 196, 0, 100, 60, 0,
20.209, 214, 197, 0, 106, 60, 0,
20.209, 213, 200, 0, 125, 60, 0,
20.209, 213, 198, 0, 112, 60, 0,
20.209, 213, 198, 0, 112, 60, 0,
20.242, 227, 214, 0, 212, 60, 0,
20.242, 223, 221, 0, 256, 60, 0,
20.242, 220, 202, 0, 137, 60, 0,
20.242, 229, 219, 0, 243, 60, 0,
20.242, 236, 227, 6, 293, 60, 0,
20.242, 175, 166, 0, 0, 0, 60,
20.275, 259, 242, 165, 387, 60, 0,
20.275, 260, 258, 172, 487, 60, 0,
20.275, 280, 278, 310, 612, 60, 0,
20.275, 274, 281, 268, 631, 60, 0,
20.275, 276, 282, 282, 637, 60, 0,
20.275, 284, 294, 337, 712, 60, 0,
20.308, 267, 282, 220, 637, 60, 0,
20.308, 264, 279, 200, 618, 60, 0,
20.308, 295, 311, 413, 818, 60, 0,
20.308, 332, 348, 668, 1000, 60, 0,
20.308, 309, 323, 510, 893, 60, 0,
20.308, 344, 356, 751, 1000, 60, 0,
20.342, 330, 341, 655, 1000, 60, 0,
20.342, 327, 337, 634, 981, 60, 0,
20.342, 343, 352, 744, 1000, 60, 0,
20.342, 352, 358, 806, 1000, 60, 0,
20.342, 345, 359, 758, 1000, 60, 0,
20.342, 396, 402, 1000, 1000, 0, 60,
20.375, 409, 402, 1000, 1000, 0, 60,
20.375, 426, 420, 1000, 1000, 0, 60,
20.375, 423, 417, 1000, 1000, 0, 60,
20.375, 430, 421, 1000, 1000, 0, 60,
20.375, 433, 425, 1000, 1000, 0, 60,
20.375, 357, 349, 841, 1000, 60, 0,
20.408, 365, 349, 896, 1000, 30, 30,
20.408, 369, 349, 924, 1000, 30, 30,
20.408, 375, 354, 965, 1000, 30, 30,
20.408, 378, 359, 986, 1000, 30, 30,
20.408, 378, 359, 986, 1000, 30, 30,
20.408, 395, 362, 1000, 1000, 30, 30,
20.408, 395, 367, 1000, 1000, 30, 30,
20.441, 388, 362, 1000, 1000, 30, 30,
20.441, 381, 356, 1000, 1000, 30, 30,
20.441, 398, 388, 1000, 1000, 30, 30,
20.441, 422, 386, 1000, 1000, 30, 30,
20.441, 470, 451, 1000, 1000, 30, 30,
20.441, 439, 416, 1000, 1000, 30, 30,
20.474, 455, 422, 1000, 1000, 30, 30,
20.474, 474, 439, 1000, 1000, 30, 30,
20.474, 452, 424, 1000, 1000, 30, 30,
20.474, 469, 440, 1000, 1000, 30, 30,
20.474, 488, 448, 1000, 1000, 30, 30,
20.474, 476, 441, 1000, 1000, 30, 30,
20.507, 480, 455, 1000, 1000, 30, 30,
20.507, 453, 434, 1000, 1000, 30, 30,
20.507, 466, 434, 1000, 1000, 30, 30,
20.507, 470, 441, 1000, 1000, 30, 30,
20.507, 466, 437, 1000, 1000, 30, 30,
20.507, 458, 426, 1000, 1000, 30, 30,
20.541, 460, 426, 1000, 1000, 30, 30,
20.541, 466, 434, 1000, 1000, 30, 30,
20.541, 482, 450, 1000, 1000, 30, 30,
20.541, 494, 461, 1000, 1000, 30, 30,
20.541, 446, 414, 1000, 1000, 30, 30,
20.541, 465, 433, 1000, 1000, 30, 30,
20.574, 444, 419, 1000, 1000, 30, 30,
20.574, 462, 435, 1000, 1000, 30, 30,
20.574, 470, 448, 1000, 1000, 30, 30,
20.574, 464, 438, 1000, 1000, 30, 30,
20.574, 476, 451, 1000, 1000, 30, 30,
20.574, 472, 445, 1000, 1000, 30, 30,
20.607, 470, 444, 1000, 1000, 30, 30,
20.607, 471, 444, 1000, 1000, 30, 30,
20.607, 477, 451, 1000, 1000, 30, 30,
20.607, 480, 451, 1000, 1000, 30, 30,
20.607, 481, 449, 1000, 1000, 30, 30,
20.607, 477, 445, 1000, 1000, 30, 30,
20.640, 476, 443, 1000, 1000, 30, 30,
20.640, 475, 443, 1000, 1000, 30, 30,
20.640, 475, 442, 1000, 1000, 30, 30,
20.640, 474, 442, 1000, 1000, 30, 30,
20.640, 479, 448, 1000, 1000, 30, 30,
20.640, 473, 442, 1000, 1000, 30, 30,
20.673, 472, 440, 1000, 1000, 30, 30,
20.673, 471, 440, 1000, 1000, 30, 30,
20.673, 472, 440, 1000, 1000, 30, 30,
20.673, 472, 441, 1000, 1000, 30, 30,
20.673, 482, 450, 1000, 1000, 30, 30,
20.673, 472, 441, 1000, 1000, 30, 30,
20.706, 471, 441, 1000, 1000, 30, 30,
20.706, 470, 440, 1000, 1000, 30, 30,
20.706, 475, 443, 1000, 1000, 30, 30,
20.706, 469, 440, 1000, 1000, 30, 30,
20.706, 473, 442, 1000, 1000, 30, 30,
20.706, 492, 453, 1000, 1000, 30, 30,
20.739, 487, 456, 1000, 1000, 30, 30,
20.739, 483, 456, 1000, 1000, 30, 30,
20.739, 489, 465, 1000, 1000, 30, 30,
20.739, 498, 470, 1000, 1000, 30, 30,
20.739, 476, 450, 1000, 1000, 30, 30,
20.739, 482, 455, 1000, 1000, 30, 30,
20.739, 484, 457, 1000, 1000, 30, 30,
20.773, 481, 455, 1000, 1000, 30, 30,
20.773, 477, 452, 1000, 1000, 30, 30,
20.773, 477, 448, 1000, 1000, 30, 30,
20.773, 491, 469, 1000, 1000, 30, 30,
20.773, 484, 459, 1000, 1000, 30, 30,
20.773, 485, 461, 1000, 1000, 30, 30,
20.806, 501, 481, 1000, 1000, 30, 30,
20.806, 496, 473, 1000, 1000, 30, 30,
20.806, 493, 468, 1000, 1000, 30, 30,
20.806, 505, 478, 1000, 1000, 30, 30,
20.806, 477, 452, 1000, 1000, 30, 30,
20.806, 497, 470, 1000, 1000, 30, 30,
20.839, 491, 466, 1000, 1000, 30, 30,
20.839, 487, 463, 1000, 1000, 30, 30,
20.839, 500, 479, 1000, 1000, 30, 30,
20.839, 483, 456, 1000, 1000, 30, 30,
20.839, 488, 466, 1000, 1000, 30, 30,
20.839, 496, 471, 1000, 1000, 30, 30,
20.872, 491, 467, 1000, 1000, 30, 30,
20.872, 489, 464, 1000, 1000, 30, 30,
20.872, 492, 467, 1000, 1000, 30, 30,
20.872, 493, 468, 1000, 1000, 30, 30,
20.872, 484, 460, 1000, 1000, 30, 30,
20.872, 475, 444, 1000, 1000, 30, 30,
20.905, 443, 413, 1000, 1000, 30, 30,
20.905, 441, 411, 1000, 1000, 30, 30,
20.905, 441, 410, 1000, 1000, 30, 30,
20.905, 442, 410, 1000, 1000, 30, 30,
20.905, 442, 410, 1000, 1000, 30, 30,
20.905, 442, 411, 1000, 1000, 30, 30,
20.939, 446, 415, 1000, 1000, 30, 30,
20.939, 444, 411, 1000, 1000, 30, 30,
20.939, 445, 412, 1000, 1000, 30, 30,
20.939, 444, 411, 1000, 1000, 30, 30,
20.939, 445, 412, 1000, 1000, 30, 30,
20.939, 446, 414, 1000, 1000, 30, 30,
20.972, 444, 414, 1000, 1000, 30, 30,
20.972, 447, 414, 1000, 1000, 30, 30,
20.972, 446, 414, 1000, 1000, 30, 30,
20.972, 445, 414, 1000, 1000, 30, 30,
20.972, 445, 414, 1000, 1000, 30, 30,
20.972, 445, 414, 1000, 1000, 30, 30,
